frame_0001.jpg: SKIP (Cut Off (8.4% > 5.0%))
frame_0002.jpg: SKIP (Cut Off (8.4% > 5.0%))
frame_0003.jpg: SKIP (Cut Off (8.4% > 5.0%))
frame_0004.jpg: SKIP (Cut Off (8.4% > 5.0%))
frame_0005.jpg: SKIP (Cut Off (7.8% > 5.0%))
frame_0006.jpg: SKIP (Cut Off (7.8% > 5.0%))
frame_0007.jpg: SKIP (Cut Off (7.8% > 5.0%))
frame_0008.jpg: SKIP (Cut Off (7.8% > 5.0%))
frame_0009.jpg: SKIP (Cut Off (6.2% > 5.0%))
frame_0010.jpg: SKIP (Cut Off (6.2% > 5.0%))
frame_0011.jpg: SKIP (Cut Off (6.2% > 5.0%))
frame_0012.jpg: SKIP (Cut Off (6.2% > 5.0%))
frame_0013.jpg: SKIP (Cut Off (5.3% > 5.0%))
frame_0014.jpg: SKIP (Cut Off (5.3% > 5.0%))
frame_0015.jpg: SKIP (Cut Off (5.3% > 5.0%))
frame_0016.jpg: SKIP (Cut Off (5.3% > 5.0%))
frame_0017.jpg: SKIP (Cut Off (6.6% > 5.0%))
frame_0018.jpg: SKIP (Cut Off (6.6% > 5.0%))
frame_0019.jpg: SKIP (Cut Off (6.6% > 5.0%))
frame_0020.jpg: SKIP (Cut Off (6.6% > 5.0%))
frame_0021.jpg: SKIP (Cut Off (7.0% > 5.0%))
frame_0022.jpg: SKIP (Cut Off (7.0% > 5.0%))
frame_0023.jpg: SKIP (Cut Off (7.0% > 5.0%))
frame_0024.jpg: SKIP (Cut Off (7.0% > 5.0%))
frame_0025.jpg: SKIP (Cut Off (5.6% > 5.0%))
frame_0026.jpg: SKIP (Cut Off (5.6% > 5.0%))
frame_0027.jpg: SKIP (Cut Off (5.6% > 5.0%))
frame_0028.jpg: SKIP (Cut Off (5.6% > 5.0%))
frame_0029.jpg: SKIP (Cut Off (5.5% > 5.0%))
frame_0030.jpg: SKIP (Cut Off (5.5% > 5.0%))
frame_0031.jpg: SKIP (Cut Off (5.5% > 5.0%))
frame_0032.jpg: SKIP (Cut Off (5.5% > 5.0%))
frame_0033.jpg: SKIP (Cut Off (5.3% > 5.0%))
frame_0034.jpg: SKIP (Cut Off (5.3% > 5.0%))
frame_0035.jpg: SKIP (Cut Off (5.3% > 5.0%))
frame_0036.jpg: SKIP (Cut Off (5.3% > 5.0%))
frame_0037.jpg: SKIP (Cut Off (5.2% > 5.0%))
frame_0038.jpg: SKIP (Cut Off (5.2% > 5.0%))
frame_0039.jpg: SKIP (Cut Off (5.2% > 5.0%))
frame_0040.jpg: SKIP (Cut Off (5.2% > 5.0%))
frame_0041.jpg: SKIP (Cut Off (6.0% > 5.0%))
frame_0042.jpg: SKIP (Cut Off (6.0% > 5.0%))
frame_0043.jpg: SKIP (Cut Off (6.0% > 5.0%))
frame_0044.jpg: SKIP (Cut Off (6.0% > 5.0%))
frame_0045.jpg: SKIP (Cut Off (6.0% > 5.0%))
frame_0046.jpg: SKIP (Cut Off (6.0% > 5.0%))
frame_0047.jpg: SKIP (Cut Off (6.0% > 5.0%))
frame_0048.jpg: SKIP (Cut Off (6.0% > 5.0%))
frame_0049.jpg: SKIP (Cut Off (6.0% > 5.0%))
frame_0050.jpg: SKIP (Cut Off (6.0% > 5.0%))
frame_0051.jpg: SKIP (Cut Off (6.0% > 5.0%))
frame_0052.jpg: SKIP (Cut Off (6.0% > 5.0%))
frame_0053.jpg: SKIP (Cut Off (6.6% > 5.0%))
frame_0054.jpg: SKIP (Cut Off (6.6% > 5.0%))
frame_0055.jpg: SKIP (Cut Off (6.6% > 5.0%))
frame_0056.jpg: SKIP (Cut Off (5.8% > 5.0%))
frame_0057.jpg: SKIP (Cut Off (5.8% > 5.0%))
frame_0058.jpg: SKIP (Cut Off (5.8% > 5.0%))
frame_0059.jpg: SKIP (Cut Off (5.8% > 5.0%))
frame_0060.jpg: SKIP (Cut Off (5.8% > 5.0%))
frame_0061.jpg: SKIP (Cut Off (5.8% > 5.0%))
frame_0062.jpg: SKIP (Cut Off (5.8% > 5.0%))
frame_0063.jpg: SKIP (Cut Off (5.8% > 5.0%))
frame_0064.jpg: SKIP (Cut Off (5.9% > 5.0%))
frame_0065.jpg: SKIP (Cut Off (5.9% > 5.0%))
frame_0066.jpg: SKIP (Cut Off (5.9% > 5.0%))
frame_0067.jpg: SKIP (Cut Off (5.9% > 5.0%))
frame_0068.jpg: SKIP (Cut Off (5.9% > 5.0%))
frame_0069.jpg: SKIP (Cut Off (5.9% > 5.0%))
frame_0070.jpg: SKIP (Cut Off (5.9% > 5.0%))
frame_0071.jpg: SKIP (Cut Off (5.9% > 5.0%))
frame_0072.jpg: SKIP (Cut Off (6.2% > 5.0%))
frame_0073.jpg: SKIP (Cut Off (6.2% > 5.0%))
frame_0074.jpg: SKIP (Cut Off (6.2% > 5.0%))
frame_0075.jpg: SKIP (Cut Off (6.2% > 5.0%))
frame_0076.jpg: SKIP (Cut Off (6.2% > 5.0%))
frame_0077.jpg: SKIP (Cut Off (6.2% > 5.0%))
frame_0078.jpg: SKIP (Cut Off (6.2% > 5.0%))
frame_0079.jpg: SKIP (Cut Off (6.2% > 5.0%))
frame_0080.jpg: SKIP (Cut Off (5.7% > 5.0%))
frame_0081.jpg: SKIP (Cut Off (5.7% > 5.0%))
frame_0082.jpg: SKIP (Cut Off (5.7% > 5.0%))
frame_0083.jpg: SKIP (Cut Off (5.7% > 5.0%))
frame_0084.jpg: SKIP (Cut Off (7.9% > 5.0%))
frame_0085.jpg: SKIP (Cut Off (7.9% > 5.0%))
frame_0086.jpg: SKIP (Cut Off (7.9% > 5.0%))
frame_0087.jpg: SKIP (Cut Off (7.9% > 5.0%))
frame_0088.jpg: SKIP (Cut Off (8.4% > 5.0%))
frame_0089.jpg: SKIP (Cut Off (8.4% > 5.0%))
frame_0090.jpg: SKIP (Cut Off (8.4% > 5.0%))
frame_0091.jpg: SKIP (Cut Off (8.4% > 5.0%))
frame_0092.jpg: SKIP (Cut Off (8.4% > 5.0%))
frame_0093.jpg: SKIP (Cut Off (8.4% > 5.0%))
frame_0094.jpg: SKIP (Cut Off (8.4% > 5.0%))
frame_0095.jpg: SKIP (Cut Off (8.4% > 5.0%))
frame_0096.jpg: SKIP (Cut Off (9.5% > 5.0%))
frame_0097.jpg: SKIP (Cut Off (9.5% > 5.0%))
frame_0098.jpg: SKIP (Cut Off (9.5% > 5.0%))
frame_0099.jpg: SKIP (Cut Off (9.5% > 5.0%))
frame_0100.jpg: SKIP (Cut Off (8.8% > 5.0%))
frame_0101.jpg: SKIP (Cut Off (8.8% > 5.0%))
frame_0102.jpg: SKIP (Cut Off (8.8% > 5.0%))
frame_0103.jpg: SKIP (Cut Off (8.8% > 5.0%))
frame_0104.jpg: SKIP (Cut Off (8.4% > 5.0%))
frame_0105.jpg: SKIP (Cut Off (8.4% > 5.0%))
frame_0106.jpg: SKIP (Cut Off (8.4% > 5.0%))
frame_0107.jpg: SKIP (Cut Off (8.4% > 5.0%))
frame_0108.jpg: SKIP (Cut Off (9.3% > 5.0%))
frame_0109.jpg: SKIP (Cut Off (9.3% > 5.0%))
frame_0110.jpg: SKIP (Cut Off (9.3% > 5.0%))
frame_0111.jpg: SKIP (Cut Off (9.3% > 5.0%))
frame_0112.jpg: SKIP (Cut Off (7.0% > 5.0%))
frame_0113.jpg: SKIP (Cut Off (7.0% > 5.0%))
frame_0114.jpg: SKIP (Cut Off (7.0% > 5.0%))
frame_0115.jpg: SKIP (Cut Off (7.0% > 5.0%))
frame_0116.jpg: SKIP (Cut Off (5.3% > 5.0%))
frame_0117.jpg: SKIP (Cut Off (5.3% > 5.0%))
frame_0118.jpg: SKIP (Cut Off (5.3% > 5.0%))
frame_0119.jpg: SKIP (Cut Off (5.3% > 5.0%))
frame_0120.jpg: SKIP (Cut Off (5.7% > 5.0%))
frame_0121.jpg: SKIP (Cut Off (5.7% > 5.0%))
frame_0122.jpg: SKIP (Cut Off (5.7% > 5.0%))
frame_0123.jpg: SKIP (Cut Off (5.7% > 5.0%))
frame_0124.jpg: SKIP (Cut Off (5.7% > 5.0%))
frame_0125.jpg: SKIP (Cut Off (5.7% > 5.0%))
frame_0126.jpg: SKIP (Cut Off (5.7% > 5.0%))
frame_0127.jpg: SKIP (Cut Off (5.7% > 5.0%))
frame_0128.jpg: SKIP (Cut Off (5.0% > 5.0%))
frame_0129.jpg: SKIP (Cut Off (5.0% > 5.0%))
frame_0130.jpg: SKIP (Cut Off (5.0% > 5.0%))
frame_0131.jpg: SKIP (Cut Off (5.0% > 5.0%))
frame_0132.jpg: SKIP (Timeout: safety_margin_pre_refine)
frame_0140.jpg: SKIP (Cut Off (7.2% > 5.0%))
frame_0141.jpg: SKIP (Cut Off (7.2% > 5.0%))
frame_0142.jpg: SKIP (Cut Off (7.2% > 5.0%))
frame_0143.jpg: SKIP (Cut Off (7.2% > 5.0%))
frame_0146.jpg: SKIP (Timeout: safety_margin_pre_refine)
frame_0148.jpg: SKIP (Cut Off (5.5% > 5.0%))
frame_0149.jpg: SKIP (Cut Off (5.5% > 5.0%))
frame_0150.jpg: SKIP (Cut Off (5.5% > 5.0%))
frame_0151.jpg: SKIP (Cut Off (5.5% > 5.0%))
frame_0152.jpg: SKIP (Cut Off (7.3% > 5.0%))
frame_0153.jpg: SKIP (Cut Off (7.3% > 5.0%))
frame_0154.jpg: SKIP (Cut Off (7.3% > 5.0%))
frame_0155.jpg: SKIP (Cut Off (7.3% > 5.0%))
frame_0156.jpg: SKIP (Cut Off (8.2% > 5.0%))
frame_0157.jpg: SKIP (Cut Off (8.2% > 5.0%))
frame_0158.jpg: SKIP (Cut Off (8.2% > 5.0%))
frame_0159.jpg: SKIP (Cut Off (8.2% > 5.0%))
frame_0160.jpg: FAILED (Not enough lines)
frame_0161.jpg: FAILED (Not enough lines)
frame_0162.jpg: FAILED (Not enough lines)
frame_0163.jpg: FAILED (Not enough lines)
frame_0164.jpg: FAILED (Not enough lines)
frame_0165.jpg: FAILED (Not enough lines)
frame_0166.jpg: FAILED (Not enough lines)
frame_0167.jpg: FAILED (Not enough lines)
frame_0168.jpg: FAILED (Not enough lines)
frame_0169.jpg: FAILED (Not enough lines)
frame_0170.jpg: FAILED (Not enough lines)
frame_0171.jpg: FAILED (Not enough lines)
frame_0172.jpg: FAILED (Not enough lines)
frame_0173.jpg: FAILED (Not enough lines)
frame_0174.jpg: FAILED (Not enough lines)
frame_0175.jpg: FAILED (Not enough lines)
frame_0176.jpg: FAILED (Not enough lines)
frame_0177.jpg: FAILED (Not enough lines)
frame_0178.jpg: FAILED (Not enough lines)
frame_0179.jpg: FAILED (Not enough lines)
frame_0180.jpg: FAILED (Not enough lines)
frame_0181.jpg: FAILED (Not enough lines)
frame_0182.jpg: FAILED (Not enough lines)
frame_0183.jpg: FAILED (Not enough lines)
frame_0184.jpg: FAILED (Not enough lines)
frame_0185.jpg: SKIP (Timeout: safety_margin_pre_refine)
frame_0188.jpg: SKIP (Timeout: ransac_inner)
frame_0191.jpg: SKIP (Timeout: ransac_inner)
frame_0199.jpg: SKIP (Timeout: safety_margin_pre_refine)
frame_0207.jpg: SKIP (Timeout: ransac_inner)
frame_0211.jpg: SKIP (Timeout: safety_margin_pre_refine)
frame_0215.jpg: SKIP (Timeout: safety_margin_pre_refine)
frame_0226.jpg: SKIP (Timeout: safety_margin_pre_refine)
frame_0227.jpg: SKIP (Timeout: ransac_inner)
frame_0231.jpg: SKIP (Timeout: ransac_inner)
frame_0234.jpg: SKIP (Timeout: ransac_inner)
frame_0238.jpg: SKIP (Timeout: safety_margin_pre_refine)
frame_0246.jpg: SKIP (Timeout: safety_margin_pre_refine)
frame_0263.jpg: SKIP (Timeout: safety_margin_pre_refine)
frame_0272.jpg: SKIP (Timeout: safety_margin_pre_refine)
frame_0275.jpg: SKIP (Timeout: safety_margin_pre_refine)
frame_0276.jpg: SKIP (Timeout: safety_margin_pre_refine)
frame_0279.jpg: SKIP (Timeout: safety_margin_pre_refine)
frame_0286.jpg: SKIP (Timeout: ransac_inner)
frame_0287.jpg: SKIP (Timeout: safety_margin_pre_refine)
frame_0290.jpg: SKIP (Timeout: safety_margin_pre_refine)
frame_0296.jpg: SKIP (Timeout: safety_margin_pre_refine)
frame_0297.jpg: SKIP (Timeout: ransac_inner)
frame_0299.jpg: SKIP (Timeout: ransac_inner)
frame_0305.jpg: SKIP (Timeout: safety_margin_pre_refine)
frame_0307.jpg: SKIP (Timeout: safety_margin_pre_refine)
frame_0320.jpg: SKIP (Timeout: safety_margin_pre_refine)
frame_0322.jpg: SKIP (Timeout: safety_margin_pre_refine)
frame_0326.jpg: SKIP (Timeout: safety_margin_pre_refine)
frame_0334.jpg: SKIP (Timeout: safety_margin_pre_refine)
frame_0335.jpg: SKIP (Timeout: ransac_inner)
frame_0342.jpg: SKIP (Timeout: safety_margin_pre_refine)
frame_0358.jpg: SKIP (Timeout: safety_margin_pre_refine)
frame_0380.jpg: SKIP (Timeout: ransac_inner)
frame_0381.jpg: SKIP (Timeout: ransac_inner)
frame_0382.jpg: SKIP (Timeout: ransac_inner)
frame_0383.jpg: SKIP (Timeout: ransac_inner)
frame_0405.jpg: SKIP (Timeout: ransac_inner)
frame_0415.jpg: SKIP (Timeout: safety_margin_pre_refine)
frame_0423.jpg: SKIP (Timeout: ransac_inner)
frame_0428.jpg: SKIP (Timeout: safety_margin_pre_refine)
frame_0432.jpg: SKIP (Timeout: ransac_inner)
frame_0433.jpg: SKIP (Timeout: ransac_inner)
frame_0435.jpg: SKIP (Timeout: ransac_inner)
frame_0440.jpg: SKIP (Timeout: safety_margin_pre_refine)
frame_0449.jpg: SKIP (Timeout: safety_margin_pre_refine)
frame_0450.jpg: SKIP (Timeout: ransac_inner)
frame_0451.jpg: SKIP (Timeout: ransac_inner)
frame_0452.jpg: SKIP (Timeout: safety_margin_pre_refine)
frame_0454.jpg: SKIP (Timeout: safety_margin_pre_refine)
frame_0457.jpg: SKIP (Timeout: safety_margin_pre_refine)
frame_0460.jpg: SKIP (Timeout: ransac_inner)
frame_0462.jpg: SKIP (Timeout: ransac_inner)
frame_0464.jpg: SKIP (Timeout: safety_margin_pre_refine)
frame_0465.jpg: SKIP (Timeout: safety_margin_pre_refine)
frame_0469.jpg: SKIP (Timeout: safety_margin_pre_refine)
frame_0476.jpg: SKIP (Timeout: ransac_inner)
frame_0477.jpg: SKIP (Timeout: safety_margin_pre_refine)
frame_0481.jpg: SKIP (Timeout: ransac_inner)
frame_0484.jpg: SKIP (Timeout: ransac_inner)
frame_0485.jpg: FAILED (Not enough lines)
frame_0486.jpg: FAILED (Not enough lines)
frame_0487.jpg: FAILED (Not enough lines)
frame_0488.jpg: FAILED (Not enough lines)
frame_0489.jpg: SKIP (Timeout: ransac_inner)
frame_0490.jpg: SKIP (Timeout: ransac_inner)
frame_0491.jpg: SKIP (Timeout: ransac_inner)
frame_0492.jpg: SKIP (Timeout: safety_margin_pre_refine)
frame_0496.jpg: SKIP (Timeout: safety_margin_pre_refine)
frame_0497.jpg: SKIP (Timeout: safety_margin_pre_refine)
frame_0498.jpg: SKIP (Timeout: safety_margin_pre_refine)
frame_0500.jpg: SKIP (Timeout: ransac_inner)
frame_0502.jpg: SKIP (Timeout: safety_margin_pre_refine)
frame_0509.jpg: SKIP (Timeout: ransac_inner)
frame_0510.jpg: SKIP (Timeout: ransac_inner)
frame_0511.jpg: SKIP (Timeout: ransac_inner)
frame_0512.jpg: SKIP (Timeout: ransac_inner)
frame_0518.jpg: SKIP (Timeout: safety_margin_pre_refine)
frame_0522.jpg: SKIP (Timeout: safety_margin_pre_refine)
frame_0525.jpg: SKIP (Timeout: ransac_inner)
frame_0526.jpg: SKIP (Timeout: ransac_inner)
frame_0527.jpg: SKIP (Timeout: ransac_inner)
frame_0528.jpg: SKIP (Timeout: ransac_inner)
frame_0529.jpg: SKIP (Timeout: ransac_inner)
frame_0530.jpg: SKIP (Timeout: ransac_inner)
frame_0531.jpg: SKIP (Timeout: ransac_inner)
frame_0532.jpg: SKIP (Timeout: ransac_inner)
frame_0541.jpg: SKIP (Timeout: ransac_inner)
frame_0542.jpg: SKIP (Timeout: ransac_inner)
frame_0543.jpg: SKIP (Timeout: ransac_inner)
frame_0544.jpg: SKIP (Timeout: ransac_inner)
frame_0549.jpg: SKIP (Timeout: ransac_inner)
frame_0550.jpg: SKIP (Timeout: ransac_inner)
frame_0551.jpg: SKIP (Timeout: ransac_inner)
frame_0552.jpg: SKIP (Timeout: ransac_inner)
frame_0561.jpg: SKIP (Timeout: ransac_inner)
frame_0562.jpg: SKIP (Timeout: ransac_inner)
frame_0563.jpg: SKIP (Timeout: ransac_inner)
frame_0564.jpg: SKIP (Timeout: ransac_inner)
frame_0569.jpg: SKIP (Timeout: ransac_inner)
frame_0570.jpg: SKIP (Timeout: ransac_inner)
frame_0571.jpg: SKIP (Timeout: ransac_inner)
frame_0572.jpg: SKIP (Timeout: ransac_inner)
frame_0574.jpg: SKIP (Timeout: safety_margin_pre_refine)
frame_0583.jpg: SKIP (Timeout: safety_margin_pre_refine)
frame_0584.jpg: SKIP (Timeout: ransac_inner)
frame_0586.jpg: SKIP (Timeout: safety_margin_pre_refine)
frame_0588.jpg: FAILED (Not enough lines)
frame_0589.jpg: FAILED (Not enough lines)
frame_0590.jpg: FAILED (Not enough lines)
frame_0591.jpg: FAILED (Not enough lines)
frame_0592.jpg: FAILED (Not enough lines)
frame_0593.jpg: FAILED (Not enough lines)
frame_0594.jpg: FAILED (Not enough lines)
frame_0595.jpg: FAILED (Not enough lines)
frame_0596.jpg: FAILED (Not enough lines)
frame_0597.jpg: FAILED (Not enough lines)
frame_0598.jpg: FAILED (Not enough lines)
frame_0599.jpg: FAILED (Not enough lines)
frame_0600.jpg: FAILED (Not enough lines)
frame_0601.jpg: FAILED (Not enough lines)
frame_0602.jpg: FAILED (Not enough lines)
frame_0603.jpg: FAILED (Not enough lines)
frame_0604.jpg: FAILED (Not enough lines)
frame_0605.jpg: FAILED (Not enough lines)
frame_0606.jpg: FAILED (Not enough lines)
frame_0607.jpg: FAILED (Not enough lines)
frame_0608.jpg: FAILED (Not enough lines)
frame_0609.jpg: FAILED (Not enough lines)
frame_0610.jpg: FAILED (Not enough lines)
frame_0611.jpg: FAILED (Not enough lines)
frame_0612.jpg: FAILED (Not enough lines)
frame_0617.jpg: FAILED (Not enough lines)
frame_0618.jpg: FAILED (Not enough lines)
frame_0619.jpg: FAILED (Not enough lines)
frame_0620.jpg: FAILED (Not enough lines)
frame_0625.jpg: SKIP (Timeout: safety_margin_pre_refine)
frame_0626.jpg: SKIP (Timeout: ransac_inner)
frame_0627.jpg: SKIP (Timeout: safety_margin_pre_refine)
frame_0628.jpg: SKIP (Timeout: ransac_inner)
frame_0636.jpg: SKIP (Timeout: safety_margin_pre_refine)
frame_0642.jpg: SKIP (Timeout: safety_margin_pre_refine)
frame_0644.jpg: SKIP (Timeout: ransac_inner)
frame_0704.jpg: SKIP (Timeout: ransac_inner)
frame_0713.jpg: SKIP (Cut Off (5.7% > 5.0%))
frame_0714.jpg: SKIP (Cut Off (5.7% > 5.0%))
frame_0715.jpg: SKIP (Cut Off (5.7% > 5.0%))
frame_0716.jpg: SKIP (Cut Off (5.7% > 5.0%))
frame_0717.jpg: SKIP (Cut Off (7.8% > 5.0%))
frame_0718.jpg: SKIP (Cut Off (7.8% > 5.0%))
frame_0719.jpg: SKIP (Cut Off (7.8% > 5.0%))
frame_0720.jpg: SKIP (Cut Off (7.8% > 5.0%))
frame_0721.jpg: SKIP (Cut Off (7.5% > 5.0%))
frame_0722.jpg: SKIP (Cut Off (7.5% > 5.0%))
frame_0723.jpg: SKIP (Cut Off (7.5% > 5.0%))
frame_0724.jpg: SKIP (Cut Off (7.5% > 5.0%))
frame_0725.jpg: SKIP (Cut Off (6.3% > 5.0%))
frame_0726.jpg: SKIP (Cut Off (6.3% > 5.0%))
frame_0727.jpg: SKIP (Cut Off (6.3% > 5.0%))
frame_0728.jpg: SKIP (Cut Off (6.3% > 5.0%))
frame_0729.jpg: SKIP (Cut Off (7.5% > 5.0%))
frame_0730.jpg: SKIP (Cut Off (7.5% > 5.0%))
frame_0731.jpg: SKIP (Cut Off (7.5% > 5.0%))
frame_0732.jpg: SKIP (Cut Off (7.5% > 5.0%))
frame_0733.jpg: SKIP (Cut Off (8.3% > 5.0%))
frame_0734.jpg: SKIP (Cut Off (8.3% > 5.0%))
frame_0735.jpg: SKIP (Cut Off (8.3% > 5.0%))
frame_0736.jpg: SKIP (Cut Off (8.3% > 5.0%))
frame_0737.jpg: SKIP (Cut Off (8.2% > 5.0%))
frame_0738.jpg: SKIP (Cut Off (8.2% > 5.0%))
frame_0739.jpg: SKIP (Cut Off (8.2% > 5.0%))
frame_0740.jpg: SKIP (Cut Off (8.2% > 5.0%))
frame_0741.jpg: SKIP (Cut Off (11.8% > 5.0%))
frame_0742.jpg: SKIP (Cut Off (11.8% > 5.0%))
frame_0743.jpg: SKIP (Cut Off (11.8% > 5.0%))
frame_0744.jpg: SKIP (Cut Off (11.8% > 5.0%))
frame_0745.jpg: SKIP (Cut Off (9.5% > 5.0%))
frame_0746.jpg: SKIP (Cut Off (9.5% > 5.0%))
frame_0747.jpg: SKIP (Cut Off (9.5% > 5.0%))
frame_0748.jpg: SKIP (Cut Off (9.5% > 5.0%))
frame_0749.jpg: SKIP (Cut Off (12.8% > 5.0%))
frame_0750.jpg: SKIP (Cut Off (12.8% > 5.0%))
frame_0751.jpg: SKIP (Cut Off (12.8% > 5.0%))
frame_0752.jpg: SKIP (Cut Off (12.8% > 5.0%))
frame_0753.jpg: SKIP (Cut Off (14.5% > 5.0%))
frame_0754.jpg: SKIP (Cut Off (14.5% > 5.0%))
frame_0755.jpg: SKIP (Cut Off (14.5% > 5.0%))
frame_0756.jpg: SKIP (Cut Off (14.5% > 5.0%))
frame_0757.jpg: SKIP (Cut Off (12.7% > 5.0%))
frame_0758.jpg: SKIP (Cut Off (12.7% > 5.0%))
frame_0759.jpg: SKIP (Cut Off (12.7% > 5.0%))
frame_0760.jpg: SKIP (Cut Off (12.7% > 5.0%))
frame_0761.jpg: SKIP (Cut Off (14.3% > 5.0%))
frame_0762.jpg: SKIP (Cut Off (14.3% > 5.0%))
frame_0763.jpg: SKIP (Cut Off (14.3% > 5.0%))
frame_0764.jpg: SKIP (Cut Off (14.3% > 5.0%))
frame_0765.jpg: SKIP (Cut Off (15.7% > 5.0%))
frame_0766.jpg: SKIP (Cut Off (15.7% > 5.0%))
frame_0767.jpg: SKIP (Cut Off (15.7% > 5.0%))
frame_0768.jpg: SKIP (Cut Off (15.7% > 5.0%))
frame_0769.jpg: SKIP (Cut Off (16.3% > 5.0%))
frame_0770.jpg: SKIP (Cut Off (16.3% > 5.0%))
frame_0771.jpg: SKIP (Cut Off (16.3% > 5.0%))
frame_0772.jpg: SKIP (Cut Off (16.3% > 5.0%))
frame_0773.jpg: SKIP (Cut Off (16.0% > 5.0%))
frame_0774.jpg: SKIP (Cut Off (16.0% > 5.0%))
frame_0775.jpg: SKIP (Cut Off (16.0% > 5.0%))
frame_0776.jpg: SKIP (Cut Off (16.0% > 5.0%))
frame_0777.jpg: SKIP (Cut Off (13.2% > 5.0%))
frame_0778.jpg: SKIP (Cut Off (13.2% > 5.0%))
frame_0779.jpg: SKIP (Cut Off (13.2% > 5.0%))
frame_0780.jpg: SKIP (Cut Off (13.2% > 5.0%))
frame_0781.jpg: SKIP (Cut Off (10.7% > 5.0%))
frame_0782.jpg: SKIP (Cut Off (10.7% > 5.0%))
frame_0783.jpg: SKIP (Cut Off (10.7% > 5.0%))
frame_0784.jpg: SKIP (Cut Off (10.7% > 5.0%))
frame_0785.jpg: SKIP (Cut Off (14.4% > 5.0%))
frame_0786.jpg: SKIP (Cut Off (14.4% > 5.0%))
frame_0787.jpg: SKIP (Cut Off (14.4% > 5.0%))
frame_0788.jpg: SKIP (Cut Off (14.4% > 5.0%))
frame_0789.jpg: SKIP (Cut Off (11.7% > 5.0%))
frame_0790.jpg: SKIP (Cut Off (11.7% > 5.0%))
frame_0791.jpg: SKIP (Cut Off (11.7% > 5.0%))
frame_0792.jpg: SKIP (Cut Off (11.7% > 5.0%))
frame_0793.jpg: SKIP (Cut Off (11.6% > 5.0%))
frame_0794.jpg: SKIP (Cut Off (11.6% > 5.0%))
frame_0795.jpg: SKIP (Cut Off (11.6% > 5.0%))
frame_0796.jpg: SKIP (Cut Off (11.6% > 5.0%))
frame_0797.jpg: SKIP (Cut Off (10.9% > 5.0%))
frame_0798.jpg: SKIP (Cut Off (10.9% > 5.0%))
frame_0799.jpg: SKIP (Cut Off (10.9% > 5.0%))
frame_0800.jpg: SKIP (Cut Off (10.9% > 5.0%))
frame_0801.jpg: SKIP (Cut Off (7.2% > 5.0%))
frame_0802.jpg: SKIP (Cut Off (7.2% > 5.0%))
frame_0803.jpg: SKIP (Cut Off (7.2% > 5.0%))
frame_0804.jpg: SKIP (Cut Off (7.2% > 5.0%))
frame_0805.jpg: SKIP (Cut Off (8.8% > 5.0%))
frame_0806.jpg: SKIP (Cut Off (8.8% > 5.0%))
frame_0807.jpg: SKIP (Cut Off (8.8% > 5.0%))
frame_0808.jpg: SKIP (Cut Off (8.8% > 5.0%))
frame_0809.jpg: SKIP (Cut Off (5.6% > 5.0%))
frame_0810.jpg: SKIP (Cut Off (5.6% > 5.0%))
frame_0811.jpg: SKIP (Cut Off (5.6% > 5.0%))
frame_0812.jpg: SKIP (Cut Off (5.6% > 5.0%))
frame_0813.jpg: SKIP (Cut Off (7.3% > 5.0%))
frame_0814.jpg: SKIP (Cut Off (7.3% > 5.0%))
frame_0815.jpg: SKIP (Cut Off (7.3% > 5.0%))
frame_0816.jpg: SKIP (Cut Off (7.3% > 5.0%))
frame_0817.jpg: FAILED (Not enough lines)
frame_0818.jpg: FAILED (Not enough lines)
frame_0819.jpg: FAILED (Not enough lines)
frame_0820.jpg: FAILED (Not enough lines)
frame_0821.jpg: FAILED (Not enough lines)
frame_0822.jpg: FAILED (Not enough lines)
frame_0823.jpg: FAILED (Not enough lines)
frame_0824.jpg: FAILED (Not enough lines)
frame_0825.jpg: FAILED (Not enough lines)
frame_0826.jpg: FAILED (Not enough lines)
frame_0827.jpg: FAILED (Not enough lines)
frame_0828.jpg: FAILED (Not enough lines)
frame_0829.jpg: FAILED (Not enough lines)
frame_0830.jpg: FAILED (Not enough lines)
frame_0831.jpg: FAILED (Not enough lines)
frame_0832.jpg: FAILED (Not enough lines)
frame_0833.jpg: SKIP (Timeout: ransac_inner)
frame_0834.jpg: SKIP (Timeout: ransac_inner)
frame_0835.jpg: SKIP (Timeout: ransac_inner)
frame_0836.jpg: SKIP (Timeout: ransac_inner)
frame_0837.jpg: SKIP (Timeout: safety_margin_pre_refine)
frame_0838.jpg: SKIP (Timeout: safety_margin_pre_refine)
frame_0839.jpg: SKIP (Timeout: ransac_inner)
frame_0840.jpg: SKIP (Timeout: ransac_inner)
frame_0843.jpg: SKIP (Timeout: ransac_inner)
frame_0849.jpg: SKIP (Timeout: safety_margin_pre_refine)
frame_0850.jpg: SKIP (Timeout: ransac_inner)
frame_0854.jpg: SKIP (Timeout: ransac_inner)
frame_0856.jpg: SKIP (Timeout: safety_margin_pre_refine)
frame_0860.jpg: SKIP (Timeout: ransac_inner)
frame_0861.jpg: SKIP (Timeout: ransac_inner)
frame_0863.jpg: SKIP (Timeout: safety_margin_pre_refine)
frame_0864.jpg: SKIP (Timeout: ransac_inner)
frame_0866.jpg: SKIP (Timeout: ransac_inner)
frame_0872.jpg: SKIP (Timeout: safety_margin_pre_refine)
frame_0902.jpg: SKIP (Timeout: ransac_inner)
frame_0942.jpg: SKIP (Timeout: safety_margin_pre_refine)
frame_0957.jpg: SKIP (Timeout: ransac_inner)
frame_0958.jpg: SKIP (Timeout: safety_margin_pre_refine)
frame_0978.jpg: SKIP (Timeout: ransac_inner)
frame_0986.jpg: SKIP (Timeout: safety_margin_pre_refine)
frame_0994.jpg: SKIP (Timeout: safety_margin_pre_refine)
frame_10000.jpg: SKIP (Timeout: safety_margin_pre_refine)
frame_10001.jpg: SKIP (Timeout: safety_margin_pre_refine)
frame_10002.jpg: SKIP (Timeout: ransac_inner)
frame_10003.jpg: SKIP (Timeout: ransac_inner)
frame_10004.jpg: SKIP (Timeout: ransac_inner)
frame_10005.jpg: SKIP (Timeout: ransac_inner)
frame_10006.jpg: SKIP (Timeout: ransac_inner)
frame_10007.jpg: SKIP (Timeout: ransac_inner)
frame_10008.jpg: SKIP (Timeout: ransac_inner)
frame_10009.jpg: SKIP (Timeout: ransac_inner)
frame_10011.jpg: SKIP (Timeout: ransac_inner)
frame_10014.jpg: SKIP (Timeout: safety_margin_pre_refine)
frame_10017.jpg: SKIP (Timeout: ransac_inner)
frame_10022.jpg: SKIP (Timeout: ransac_inner)
frame_10023.jpg: SKIP (Timeout: ransac_inner)
frame_10024.jpg: SKIP (Timeout: safety_margin_pre_refine)
frame_10025.jpg: SKIP (Timeout: ransac_inner)
frame_10043.jpg: SKIP (Timeout: safety_margin_pre_refine)
frame_10050.jpg: SKIP (Timeout: safety_margin_pre_refine)
frame_10072.jpg: SKIP (Timeout: safety_margin_pre_refine)
frame_10082.jpg: SKIP (Timeout: safety_margin_pre_refine)
frame_10084.jpg: SKIP (Timeout: safety_margin_pre_refine)
frame_10112.jpg: SKIP (Timeout: safety_margin_pre_refine)
frame_10120.jpg: SKIP (Timeout: safety_margin_pre_refine)
frame_10126.jpg: SKIP (Timeout: ransac_inner)
frame_1014.jpg: SKIP (Timeout: safety_margin_pre_refine)
frame_10141.jpg: SKIP (Timeout: safety_margin_pre_refine)
frame_10147.jpg: SKIP (Timeout: safety_margin_pre_refine)
frame_1016.jpg: SKIP (Timeout: ransac_inner)
frame_1017.jpg: SKIP (Timeout: ransac_inner)
frame_10171.jpg: SKIP (Timeout: ransac_inner)
frame_10177.jpg: SKIP (Timeout: safety_margin_pre_refine)
frame_1018.jpg: SKIP (Timeout: ransac_inner)
frame_10180.jpg: SKIP (Timeout: ransac_inner)
frame_10185.jpg: SKIP (Seg Slow)
frame_10188.jpg: SKIP (Timeout: safety_margin_pre_refine)
frame_10189.jpg: SKIP (Timeout: safety_margin_pre_refine)
frame_1019.jpg: SKIP (Timeout: ransac_inner)
frame_10195.jpg: SKIP (Timeout: safety_margin_pre_refine)
frame_10201.jpg: SKIP (Timeout: safety_margin_pre_refine)
frame_10202.jpg: SKIP (Timeout: ransac_inner)
frame_1021.jpg: SKIP (Timeout: ransac_inner)
frame_10211.jpg: SKIP (Timeout: ransac_inner)
frame_10214.jpg: SKIP (Timeout: safety_margin_pre_refine)
frame_10221.jpg: SKIP (Timeout: ransac_inner)
frame_10222.jpg: SKIP (Timeout: safety_margin_pre_refine)
frame_10224.jpg: SKIP (Timeout: safety_margin_pre_refine)
frame_10230.jpg: SKIP (Timeout: safety_margin_pre_refine)
frame_10233.jpg: SKIP (Timeout: safety_margin_pre_refine)
frame_10254.jpg: SKIP (Timeout: ransac_inner)
frame_10256.jpg: SKIP (Timeout: safety_margin_pre_refine)
frame_10265.jpg: SKIP (Timeout: safety_margin_pre_refine)
frame_10277.jpg: SKIP (Timeout: safety_margin_pre_refine)
frame_10281.jpg: SKIP (Timeout: safety_margin_pre_refine)
frame_10287.jpg: SKIP (Timeout: safety_margin_pre_refine)
frame_10293.jpg: SKIP (Timeout: ransac_inner)
frame_10294.jpg: SKIP (Timeout: safety_margin_pre_refine)
frame_10302.jpg: SKIP (Timeout: safety_margin_pre_refine)
frame_10313.jpg: SKIP (Timeout: safety_margin_pre_refine)
frame_10316.jpg: SKIP (Timeout: safety_margin_pre_refine)
frame_10386.jpg: SKIP (Timeout: safety_margin_pre_refine)
frame_10388.jpg: SKIP (Timeout: safety_margin_pre_refine)
frame_1039.jpg: SKIP (Timeout: safety_margin_pre_refine)
frame_10394.jpg: SKIP (Timeout: safety_margin_pre_refine)
frame_10402.jpg: SKIP (Timeout: ransac_inner)
frame_10403.jpg: SKIP (Timeout: ransac_inner)
frame_10404.jpg: SKIP (Timeout: ransac_inner)
frame_10405.jpg: SKIP (Timeout: ransac_inner)
frame_10438.jpg: SKIP (Timeout: safety_margin_pre_refine)
frame_10443.jpg: SKIP (Timeout: safety_margin_pre_refine)
frame_10449.jpg: SKIP (Timeout: safety_margin_pre_refine)
frame_10468.jpg: SKIP (Timeout: safety_margin_pre_refine)
frame_1052.jpg: SKIP (Timeout: safety_margin_pre_refine)
frame_1054.jpg: SKIP (Timeout: safety_margin_pre_refine)
frame_10564.jpg: SKIP (Timeout: safety_margin_pre_refine)
frame_10571.jpg: SKIP (Timeout: ransac_inner)
frame_10580.jpg: SKIP (Timeout: safety_margin_pre_refine)
frame_10582.jpg: SKIP (Timeout: ransac_inner)
frame_10583.jpg: SKIP (Timeout: ransac_inner)
frame_10584.jpg: SKIP (Timeout: ransac_inner)
frame_10585.jpg: SKIP (Timeout: ransac_inner)
frame_10586.jpg: SKIP (Timeout: ransac_inner)
frame_10588.jpg: SKIP (Timeout: safety_margin_pre_refine)
frame_10589.jpg: SKIP (Timeout: ransac_inner)
frame_10591.jpg: SKIP (Timeout: ransac_inner)
frame_10592.jpg: SKIP (Timeout: ransac_inner)
frame_10594.jpg: SKIP (Timeout: safety_margin_pre_refine)
frame_10595.jpg: SKIP (Timeout: ransac_inner)
frame_10596.jpg: SKIP (Timeout: ransac_inner)
frame_10597.jpg: SKIP (Timeout: ransac_inner)
frame_10599.jpg: SKIP (Timeout: safety_margin_pre_refine)
frame_1060.jpg: SKIP (Timeout: ransac_inner)
frame_10617.jpg: SKIP (Timeout: safety_margin_pre_refine)
frame_10650.jpg: SKIP (Timeout: ransac_inner)
frame_10651.jpg: SKIP (Timeout: ransac_inner)
frame_10652.jpg: SKIP (Timeout: ransac_inner)
frame_10653.jpg: SKIP (Timeout: ransac_inner)
frame_10660.jpg: SKIP (Timeout: safety_margin_pre_refine)
frame_10668.jpg: SKIP (Timeout: safety_margin_pre_refine)
frame_10674.jpg: SKIP (Timeout: ransac_inner)
frame_10675.jpg: SKIP (Timeout: ransac_inner)
frame_10676.jpg: SKIP (Timeout: ransac_inner)
frame_10677.jpg: SKIP (Timeout: safety_margin_pre_refine)
frame_10678.jpg: SKIP (Timeout: ransac_inner)
frame_10679.jpg: SKIP (Timeout: ransac_inner)
frame_10680.jpg: SKIP (Timeout: ransac_inner)
frame_10681.jpg: SKIP (Timeout: ransac_inner)
frame_10682.jpg: SKIP (Timeout: ransac_inner)
frame_10683.jpg: SKIP (Timeout: ransac_inner)
frame_10684.jpg: SKIP (Timeout: ransac_inner)
frame_10685.jpg: SKIP (Timeout: ransac_inner)
frame_10686.jpg: SKIP (Timeout: ransac_inner)
frame_10687.jpg: SKIP (Timeout: ransac_inner)
frame_10688.jpg: SKIP (Timeout: ransac_inner)
frame_10689.jpg: SKIP (Timeout: ransac_inner)
frame_10690.jpg: SKIP (Timeout: ransac_inner)
frame_10691.jpg: SKIP (Timeout: ransac_inner)
frame_10692.jpg: SKIP (Timeout: ransac_inner)
frame_10693.jpg: SKIP (Timeout: ransac_inner)
frame_10694.jpg: SKIP (Timeout: ransac_inner)
frame_10695.jpg: SKIP (Timeout: ransac_inner)
frame_10696.jpg: SKIP (Timeout: ransac_inner)
frame_10697.jpg: SKIP (Timeout: ransac_inner)
frame_10698.jpg: SKIP (Timeout: ransac_inner)
frame_10699.jpg: SKIP (Timeout: ransac_inner)
frame_1070.jpg: SKIP (Timeout: safety_margin_pre_refine)
frame_10700.jpg: SKIP (Timeout: ransac_inner)
frame_10701.jpg: SKIP (Timeout: ransac_inner)
frame_10702.jpg: SKIP (Timeout: ransac_inner)
frame_10703.jpg: SKIP (Timeout: ransac_inner)
frame_10704.jpg: SKIP (Timeout: ransac_inner)
frame_10705.jpg: SKIP (Timeout: ransac_inner)
frame_10706.jpg: SKIP (Timeout: ransac_inner)
frame_10707.jpg: SKIP (Timeout: ransac_inner)
frame_10708.jpg: SKIP (Timeout: ransac_inner)
frame_10709.jpg: SKIP (Timeout: ransac_inner)
frame_1071.jpg: SKIP (Timeout: safety_margin_pre_refine)
frame_10710.jpg: SKIP (Timeout: ransac_inner)
frame_10711.jpg: SKIP (Timeout: ransac_inner)
frame_10712.jpg: SKIP (Timeout: ransac_inner)
frame_10713.jpg: SKIP (Timeout: ransac_inner)
frame_1072.jpg: SKIP (Timeout: safety_margin_pre_refine)
frame_10722.jpg: SKIP (Timeout: ransac_inner)
frame_10723.jpg: SKIP (Timeout: ransac_inner)
frame_10724.jpg: SKIP (Timeout: ransac_inner)
frame_10725.jpg: SKIP (Timeout: ransac_inner)
frame_10726.jpg: SKIP (Timeout: ransac_inner)
frame_10727.jpg: SKIP (Timeout: ransac_inner)
frame_10728.jpg: SKIP (Timeout: ransac_inner)
frame_10729.jpg: SKIP (Timeout: ransac_inner)
frame_10730.jpg: SKIP (Timeout: ransac_inner)
frame_10731.jpg: SKIP (Timeout: ransac_inner)
frame_10732.jpg: SKIP (Timeout: ransac_inner)
frame_10733.jpg: SKIP (Timeout: ransac_inner)
frame_10734.jpg: SKIP (Timeout: ransac_inner)
frame_10735.jpg: SKIP (Timeout: ransac_inner)
frame_10736.jpg: SKIP (Timeout: ransac_inner)
frame_10737.jpg: SKIP (Timeout: ransac_inner)
frame_10738.jpg: SKIP (Timeout: ransac_inner)
frame_10739.jpg: SKIP (Timeout: ransac_inner)
frame_10740.jpg: SKIP (Timeout: ransac_inner)
frame_10741.jpg: SKIP (Timeout: ransac_inner)
frame_10743.jpg: SKIP (Timeout: safety_margin_pre_refine)
frame_10745.jpg: SKIP (Timeout: safety_margin_pre_refine)
frame_10746.jpg: SKIP (Timeout: ransac_inner)
frame_10747.jpg: SKIP (Timeout: ransac_inner)
frame_10748.jpg: SKIP (Timeout: ransac_inner)
frame_10749.jpg: SKIP (Timeout: ransac_inner)
frame_10750.jpg: SKIP (Timeout: ransac_inner)
frame_10751.jpg: SKIP (Timeout: ransac_inner)
frame_10752.jpg: SKIP (Timeout: ransac_inner)
frame_10753.jpg: SKIP (Timeout: ransac_inner)
frame_10754.jpg: SKIP (Timeout: ransac_inner)
frame_10755.jpg: SKIP (Timeout: ransac_inner)
frame_10756.jpg: SKIP (Timeout: ransac_inner)
frame_10757.jpg: SKIP (Timeout: ransac_inner)
frame_10758.jpg: SKIP (Timeout: ransac_inner)
frame_10759.jpg: SKIP (Timeout: ransac_inner)
frame_1076.jpg: SKIP (Timeout: ransac_inner)
frame_10760.jpg: SKIP (Timeout: ransac_inner)
frame_10761.jpg: SKIP (Timeout: ransac_inner)
frame_10762.jpg: SKIP (Timeout: ransac_inner)
frame_10763.jpg: SKIP (Timeout: ransac_inner)
frame_10764.jpg: SKIP (Timeout: ransac_inner)
frame_10765.jpg: SKIP (Timeout: ransac_inner)
frame_10766.jpg: SKIP (Timeout: ransac_inner)
frame_10767.jpg: SKIP (Timeout: ransac_inner)
frame_10768.jpg: SKIP (Timeout: ransac_inner)
frame_10769.jpg: SKIP (Timeout: ransac_inner)
frame_1077.jpg: SKIP (Timeout: ransac_inner)
frame_10770.jpg: SKIP (Timeout: ransac_inner)
frame_10771.jpg: SKIP (Timeout: ransac_inner)
frame_10772.jpg: SKIP (Timeout: ransac_inner)
frame_10773.jpg: SKIP (Timeout: ransac_inner)
frame_10774.jpg: SKIP (Timeout: ransac_inner)
frame_10775.jpg: SKIP (Timeout: ransac_inner)
frame_10776.jpg: SKIP (Timeout: ransac_inner)
frame_10777.jpg: SKIP (Timeout: ransac_inner)
frame_10778.jpg: SKIP (Timeout: ransac_inner)
frame_10779.jpg: SKIP (Timeout: ransac_inner)
frame_10780.jpg: SKIP (Timeout: ransac_inner)
frame_10781.jpg: SKIP (Timeout: ransac_inner)
frame_10782.jpg: SKIP (Timeout: ransac_inner)
frame_10783.jpg: SKIP (Timeout: ransac_inner)
frame_10784.jpg: SKIP (Timeout: ransac_inner)
frame_10785.jpg: SKIP (Timeout: ransac_inner)
frame_10786.jpg: SKIP (Timeout: ransac_inner)
frame_10787.jpg: SKIP (Timeout: ransac_inner)
frame_10788.jpg: SKIP (Timeout: ransac_inner)
frame_10789.jpg: SKIP (Timeout: ransac_inner)
frame_10790.jpg: SKIP (Timeout: ransac_inner)
frame_10791.jpg: SKIP (Timeout: ransac_inner)
frame_10792.jpg: SKIP (Timeout: ransac_inner)
frame_10793.jpg: SKIP (Timeout: ransac_inner)
frame_10794.jpg: SKIP (Timeout: ransac_inner)
frame_10795.jpg: SKIP (Timeout: ransac_inner)
frame_10796.jpg: SKIP (Timeout: ransac_inner)
frame_10797.jpg: SKIP (Timeout: ransac_inner)
frame_10799.jpg: SKIP (Timeout: ransac_inner)
frame_10800.jpg: SKIP (Timeout: ransac_inner)
frame_10801.jpg: SKIP (Timeout: safety_margin_pre_refine)
frame_10802.jpg: SKIP (Timeout: ransac_inner)
frame_10803.jpg: SKIP (Timeout: ransac_inner)
frame_10804.jpg: SKIP (Timeout: ransac_inner)
frame_10805.jpg: SKIP (Timeout: ransac_inner)
frame_10807.jpg: SKIP (Timeout: ransac_inner)
frame_10808.jpg: SKIP (Timeout: ransac_inner)
frame_10809.jpg: SKIP (Timeout: ransac_inner)
frame_10812.jpg: SKIP (Timeout: ransac_inner)
frame_10814.jpg: SKIP (Timeout: ransac_inner)
frame_10815.jpg: SKIP (Timeout: ransac_inner)
frame_10816.jpg: SKIP (Timeout: ransac_inner)
frame_10817.jpg: SKIP (Timeout: ransac_inner)
frame_10818.jpg: SKIP (Timeout: ransac_inner)
frame_10820.jpg: SKIP (Timeout: ransac_inner)
frame_10821.jpg: SKIP (Timeout: ransac_inner)
frame_10822.jpg: SKIP (Timeout: ransac_inner)
frame_10823.jpg: SKIP (Timeout: ransac_inner)
frame_10824.jpg: SKIP (Timeout: ransac_inner)
frame_10826.jpg: SKIP (Timeout: ransac_inner)
frame_10827.jpg: SKIP (Timeout: ransac_inner)
frame_10828.jpg: SKIP (Timeout: ransac_inner)
frame_10829.jpg: SKIP (Timeout: ransac_inner)
frame_10830.jpg: SKIP (Timeout: ransac_inner)
frame_10831.jpg: SKIP (Timeout: ransac_inner)
frame_10832.jpg: SKIP (Timeout: ransac_inner)
frame_10834.jpg: SKIP (Timeout: ransac_inner)
frame_10835.jpg: SKIP (Timeout: ransac_inner)
frame_10836.jpg: SKIP (Timeout: ransac_inner)
frame_10837.jpg: SKIP (Timeout: ransac_inner)
frame_10838.jpg: SKIP (Timeout: ransac_inner)
frame_10839.jpg: SKIP (Timeout: ransac_inner)
frame_10840.jpg: SKIP (Timeout: ransac_inner)
frame_10841.jpg: SKIP (Timeout: ransac_inner)
frame_10842.jpg: SKIP (Timeout: ransac_inner)
frame_10843.jpg: SKIP (Timeout: ransac_inner)
frame_10844.jpg: SKIP (Timeout: ransac_inner)
frame_10845.jpg: SKIP (Timeout: ransac_inner)
frame_10846.jpg: SKIP (Timeout: ransac_inner)
frame_10847.jpg: SKIP (Timeout: ransac_inner)
frame_10849.jpg: SKIP (Timeout: ransac_inner)
frame_1085.jpg: SKIP (Timeout: safety_margin_pre_refine)
frame_10850.jpg: SKIP (Timeout: ransac_inner)
frame_10851.jpg: SKIP (Timeout: ransac_inner)
frame_10852.jpg: SKIP (Timeout: ransac_inner)
frame_10853.jpg: SKIP (Timeout: ransac_inner)
frame_10854.jpg: FAILED (Not enough lines)
frame_10855.jpg: FAILED (Not enough lines)
frame_10856.jpg: FAILED (Not enough lines)
frame_10857.jpg: FAILED (Not enough lines)
frame_10858.jpg: FAILED (Not enough lines)
frame_10859.jpg: FAILED (Not enough lines)
frame_10860.jpg: FAILED (Not enough lines)
frame_10861.jpg: FAILED (Not enough lines)
frame_10862.jpg: FAILED (Not enough lines)
frame_10863.jpg: FAILED (Not enough lines)
frame_10864.jpg: FAILED (Not enough lines)
frame_10865.jpg: FAILED (Not enough lines)
frame_10866.jpg: FAILED (Not enough lines)
frame_10867.jpg: FAILED (Not enough lines)
frame_10868.jpg: FAILED (Not enough lines)
frame_10869.jpg: FAILED (Not enough lines)
frame_10870.jpg: FAILED (Not enough lines)
frame_10871.jpg: FAILED (Not enough lines)
frame_10872.jpg: FAILED (Not enough lines)
frame_10873.jpg: FAILED (Not enough lines)
frame_10874.jpg: FAILED (Not enough lines)
frame_10875.jpg: FAILED (Not enough lines)
frame_10876.jpg: FAILED (Not enough lines)
frame_10877.jpg: FAILED (Not enough lines)
frame_10878.jpg: FAILED (Not enough lines)
frame_10879.jpg: SKIP (Timeout: ransac_inner)
frame_10880.jpg: SKIP (Timeout: ransac_inner)
frame_10881.jpg: SKIP (Timeout: ransac_inner)
frame_10882.jpg: SKIP (Timeout: ransac_inner)
frame_10884.jpg: SKIP (Timeout: safety_margin_pre_refine)
frame_10885.jpg: SKIP (Timeout: safety_margin_pre_refine)
frame_10886.jpg: SKIP (Timeout: safety_margin_pre_refine)
frame_10891.jpg: SKIP (Timeout: safety_margin_pre_refine)
frame_10902.jpg: SKIP (Timeout: safety_margin_pre_refine)
frame_10905.jpg: SKIP (Timeout: safety_margin_pre_refine)
frame_10906.jpg: SKIP (Timeout: safety_margin_pre_refine)
frame_1091.jpg: SKIP (Timeout: ransac_inner)
frame_1092.jpg: SKIP (Timeout: ransac_inner)
frame_10922.jpg: FAILED (Not enough lines)
frame_10923.jpg: FAILED (Not enough lines)
frame_10924.jpg: FAILED (Not enough lines)
frame_10925.jpg: FAILED (Not enough lines)
frame_10926.jpg: FAILED (Not enough lines)
frame_10927.jpg: FAILED (Not enough lines)
frame_10928.jpg: FAILED (Not enough lines)
frame_10929.jpg: FAILED (Not enough lines)
frame_1093.jpg: SKIP (Timeout: ransac_inner)
frame_10930.jpg: FAILED (Not enough lines)
frame_10931.jpg: FAILED (Not enough lines)
frame_10932.jpg: FAILED (Not enough lines)
frame_10933.jpg: FAILED (Not enough lines)
frame_10934.jpg: FAILED (Not enough lines)
frame_10935.jpg: FAILED (Not enough lines)
frame_10936.jpg: FAILED (Not enough lines)
frame_10937.jpg: FAILED (Not enough lines)
frame_10938.jpg: FAILED (Not enough lines)
frame_10939.jpg: FAILED (Not enough lines)
frame_10940.jpg: FAILED (Not enough lines)
frame_10941.jpg: FAILED (Not enough lines)
frame_10942.jpg: FAILED (Not enough lines)
frame_10943.jpg: FAILED (Not enough lines)
frame_10944.jpg: FAILED (Not enough lines)
frame_10945.jpg: FAILED (Not enough lines)
frame_10946.jpg: FAILED (Not enough lines)
frame_10947.jpg: FAILED (Not enough lines)
frame_10948.jpg: FAILED (Not enough lines)
frame_10949.jpg: FAILED (Not enough lines)
frame_10950.jpg: FAILED (Not enough lines)
frame_10951.jpg: FAILED (Not enough lines)
frame_10952.jpg: FAILED (Not enough lines)
frame_10953.jpg: FAILED (Not enough lines)
frame_10954.jpg: FAILED (Not enough lines)
frame_10955.jpg: FAILED (Not enough lines)
frame_10956.jpg: FAILED (Not enough lines)
frame_10957.jpg: FAILED (Not enough lines)
frame_10958.jpg: FAILED (Not enough lines)
frame_10959.jpg: SKIP (Timeout: ransac_inner)
frame_10960.jpg: SKIP (Timeout: ransac_inner)
frame_10961.jpg: SKIP (Timeout: ransac_inner)
frame_10962.jpg: SKIP (Timeout: ransac_inner)
frame_10965.jpg: SKIP (Timeout: safety_margin_pre_refine)
frame_10966.jpg: SKIP (Timeout: ransac_inner)
frame_10967.jpg: FAILED (Not enough lines)
frame_10968.jpg: FAILED (Not enough lines)
frame_10969.jpg: FAILED (Not enough lines)
frame_10970.jpg: FAILED (Not enough lines)
frame_10971.jpg: FAILED (Not enough lines)
frame_10972.jpg: FAILED (Not enough lines)
frame_10973.jpg: FAILED (Not enough lines)
frame_10974.jpg: FAILED (Not enough lines)
frame_10975.jpg: FAILED (Not enough lines)
frame_10976.jpg: FAILED (Not enough lines)
frame_10977.jpg: FAILED (Not enough lines)
frame_10978.jpg: FAILED (Not enough lines)
frame_10979.jpg: SKIP (Timeout: ransac_inner)
frame_10980.jpg: SKIP (Timeout: ransac_inner)
frame_10981.jpg: SKIP (Timeout: ransac_inner)
frame_10982.jpg: SKIP (Timeout: ransac_inner)
frame_10983.jpg: FAILED (Not enough lines)
frame_10984.jpg: FAILED (Not enough lines)
frame_10985.jpg: FAILED (Not enough lines)
frame_10986.jpg: FAILED (Not enough lines)
frame_10987.jpg: SKIP (Timeout: ransac_inner)
frame_10988.jpg: SKIP (Timeout: ransac_inner)
frame_10989.jpg: SKIP (Timeout: ransac_inner)
frame_10990.jpg: SKIP (Timeout: ransac_inner)
frame_10991.jpg: SKIP (Timeout: ransac_inner)
frame_10992.jpg: SKIP (Timeout: ransac_inner)
frame_10993.jpg: SKIP (Timeout: ransac_inner)
frame_10994.jpg: SKIP (Timeout: ransac_inner)
frame_10995.jpg: SKIP (Timeout: ransac_inner)
frame_10996.jpg: SKIP (Timeout: ransac_inner)
frame_10997.jpg: SKIP (Timeout: ransac_inner)
frame_10998.jpg: SKIP (Timeout: ransac_inner)
frame_10999.jpg: SKIP (Timeout: ransac_inner)
frame_11000.jpg: SKIP (Timeout: ransac_inner)
frame_11001.jpg: SKIP (Timeout: ransac_inner)
frame_11002.jpg: SKIP (Timeout: ransac_inner)
frame_11003.jpg: SKIP (Timeout: ransac_inner)
frame_11004.jpg: SKIP (Timeout: ransac_inner)
frame_11005.jpg: SKIP (Timeout: ransac_inner)
frame_11006.jpg: SKIP (Timeout: ransac_inner)
frame_11007.jpg: SKIP (Low Score (-0.49))
frame_11008.jpg: SKIP (Low Score (-0.49))
frame_11009.jpg: SKIP (Low Score (-0.49))
frame_11010.jpg: SKIP (Low Score (-0.49))
frame_11011.jpg: SKIP (Low Score (-0.49))
frame_11012.jpg: SKIP (Low Score (-0.49))
frame_11013.jpg: SKIP (Low Score (-0.49))
frame_11014.jpg: SKIP (Low Score (-0.49))
frame_11015.jpg: SKIP (Low Score (-0.08))
frame_11016.jpg: SKIP (Low Score (-0.08))
frame_11017.jpg: SKIP (Low Score (-0.08))
frame_11018.jpg: SKIP (Low Score (-0.08))
frame_11019.jpg: SKIP (Low Score (-0.48))
frame_1102.jpg: SKIP (Timeout: ransac_inner)
frame_11020.jpg: SKIP (Low Score (-0.48))
frame_11021.jpg: SKIP (Low Score (-0.48))
frame_11022.jpg: SKIP (Low Score (-0.48))
frame_11023.jpg: SKIP (Low Score (-0.26))
frame_11024.jpg: SKIP (Low Score (-0.26))
frame_11025.jpg: SKIP (Low Score (-0.26))
frame_11026.jpg: SKIP (Low Score (-0.26))
frame_11027.jpg: SKIP (Low Score (-0.28))
frame_11028.jpg: SKIP (Low Score (-0.28))
frame_11029.jpg: SKIP (Low Score (-0.28))
frame_11030.jpg: SKIP (Low Score (-0.28))
frame_11031.jpg: SKIP (Low Score (-0.41))
frame_11032.jpg: SKIP (Low Score (-0.41))
frame_11033.jpg: SKIP (Low Score (-0.41))
frame_11034.jpg: SKIP (Low Score (-0.41))
frame_11035.jpg: FAILED (Not enough lines)
frame_11036.jpg: FAILED (Not enough lines)
frame_11037.jpg: FAILED (Not enough lines)
frame_11038.jpg: FAILED (Not enough lines)
frame_11039.jpg: SKIP (Low Score (-0.60))
frame_11040.jpg: SKIP (Low Score (-0.60))
frame_11041.jpg: SKIP (Low Score (-0.60))
frame_11042.jpg: SKIP (Low Score (-0.60))
frame_11043.jpg: SKIP (Low Score (-0.56))
frame_11044.jpg: SKIP (Low Score (-0.56))
frame_11045.jpg: SKIP (Low Score (-0.56))
frame_11046.jpg: SKIP (Low Score (-0.56))
frame_11047.jpg: SKIP (Low Score (-0.50))
frame_11048.jpg: SKIP (Low Score (-0.50))
frame_11049.jpg: SKIP (Low Score (-0.50))
frame_11050.jpg: SKIP (Low Score (-0.50))
frame_11051.jpg: SKIP (Low Score (-0.21))
frame_11052.jpg: SKIP (Low Score (-0.21))
frame_11053.jpg: SKIP (Low Score (-0.21))
frame_11054.jpg: SKIP (Low Score (-0.21))
frame_11055.jpg: SKIP (Low Score (0.16))
frame_11056.jpg: SKIP (Low Score (0.16))
frame_11057.jpg: SKIP (Low Score (0.16))
frame_11058.jpg: SKIP (Low Score (0.16))
frame_11059.jpg: SKIP (Low Score (-0.03))
frame_11060.jpg: SKIP (Low Score (-0.03))
frame_11061.jpg: SKIP (Low Score (-0.03))
frame_11062.jpg: SKIP (Low Score (-0.03))
frame_11063.jpg: SKIP (Low Score (-0.43))
frame_11064.jpg: SKIP (Low Score (-0.43))
frame_11065.jpg: SKIP (Low Score (-0.43))
frame_11066.jpg: SKIP (Low Score (-0.43))
frame_11067.jpg: SKIP (Low Score (-0.75))
frame_11068.jpg: SKIP (Low Score (-0.75))
frame_11069.jpg: SKIP (Low Score (-0.75))
frame_11070.jpg: SKIP (Low Score (-0.75))
frame_11071.jpg: SKIP (Low Score (-0.48))
frame_11072.jpg: SKIP (Low Score (-0.48))
frame_11073.jpg: SKIP (Low Score (-0.48))
frame_11074.jpg: SKIP (Low Score (-0.48))
frame_11075.jpg: SKIP (Low Score (-0.56))
frame_11076.jpg: SKIP (Low Score (-0.56))
frame_11077.jpg: SKIP (Low Score (-0.56))
frame_11078.jpg: SKIP (Low Score (-0.56))
frame_11079.jpg: SKIP (Low Score (-0.87))
frame_11080.jpg: SKIP (Low Score (-0.87))
frame_11081.jpg: SKIP (Low Score (-0.87))
frame_11082.jpg: SKIP (Low Score (-0.87))
frame_11083.jpg: SKIP (Low Score (-0.78))
frame_11084.jpg: SKIP (Low Score (-0.78))
frame_11085.jpg: SKIP (Low Score (-0.78))
frame_11086.jpg: SKIP (Low Score (-0.78))
frame_11087.jpg: SKIP (Low Score (-0.80))
frame_11088.jpg: SKIP (Low Score (-0.80))
frame_11089.jpg: SKIP (Low Score (-0.80))
frame_11090.jpg: SKIP (Low Score (-0.80))
frame_11091.jpg: SKIP (Low Score (-0.52))
frame_11092.jpg: SKIP (Low Score (-0.52))
frame_11093.jpg: SKIP (Low Score (-0.52))
frame_11094.jpg: SKIP (Low Score (-0.52))
frame_11095.jpg: SKIP (Low Score (-0.63))
frame_11096.jpg: SKIP (Low Score (-0.63))
frame_11097.jpg: SKIP (Low Score (-0.63))
frame_11098.jpg: SKIP (Low Score (-0.63))
frame_11099.jpg: SKIP (Low Score (-0.56))
frame_11100.jpg: SKIP (Low Score (-0.56))
frame_11101.jpg: SKIP (Low Score (-0.56))
frame_11102.jpg: SKIP (Low Score (-0.56))
frame_11103.jpg: SKIP (Low Score (-0.59))
frame_11104.jpg: SKIP (Low Score (-0.59))
frame_11105.jpg: SKIP (Low Score (-0.59))
frame_11106.jpg: SKIP (Low Score (-0.59))
frame_11107.jpg: SKIP (Low Score (-0.69))
frame_11108.jpg: SKIP (Low Score (-0.69))
frame_11109.jpg: SKIP (Low Score (-0.69))
frame_11110.jpg: SKIP (Low Score (-0.69))
frame_11111.jpg: SKIP (Low Score (-0.59))
frame_11112.jpg: SKIP (Low Score (-0.59))
frame_11113.jpg: SKIP (Low Score (-0.59))
frame_11114.jpg: SKIP (Low Score (-0.59))
frame_11115.jpg: SKIP (Low Score (-0.64))
frame_11116.jpg: SKIP (Low Score (-0.64))
frame_11117.jpg: SKIP (Low Score (-0.64))
frame_11118.jpg: SKIP (Low Score (-0.64))
frame_11119.jpg: SKIP (Low Score (-0.55))
frame_11120.jpg: SKIP (Low Score (-0.55))
frame_11121.jpg: SKIP (Low Score (-0.55))
frame_11122.jpg: SKIP (Low Score (-0.55))
frame_11123.jpg: SKIP (Low Score (-0.53))
frame_11124.jpg: SKIP (Low Score (-0.53))
frame_11125.jpg: SKIP (Low Score (-0.53))
frame_11126.jpg: SKIP (Low Score (-0.53))
frame_11127.jpg: SKIP (Low Score (-0.47))
frame_11128.jpg: SKIP (Low Score (-0.47))
frame_11129.jpg: SKIP (Low Score (-0.47))
frame_11130.jpg: SKIP (Low Score (-0.47))
frame_11131.jpg: SKIP (Low Score (-0.62))
frame_11132.jpg: SKIP (Low Score (-0.62))
frame_11133.jpg: SKIP (Low Score (-0.62))
frame_11134.jpg: SKIP (Low Score (-0.62))
frame_11135.jpg: SKIP (Low Score (-0.59))
frame_11136.jpg: SKIP (Low Score (-0.59))
frame_11137.jpg: SKIP (Low Score (-0.59))
frame_11138.jpg: SKIP (Low Score (-0.59))
frame_11139.jpg: SKIP (Low Score (-0.43))
frame_11140.jpg: SKIP (Low Score (-0.43))
frame_11141.jpg: SKIP (Low Score (-0.43))
frame_11142.jpg: SKIP (Low Score (-0.43))
frame_11143.jpg: SKIP (Low Score (-0.52))
frame_11144.jpg: SKIP (Low Score (-0.52))
frame_11145.jpg: SKIP (Low Score (-0.52))
frame_11146.jpg: SKIP (Low Score (-0.52))
frame_11147.jpg: SKIP (Low Score (-0.58))
frame_11148.jpg: SKIP (Low Score (-0.58))
frame_11149.jpg: SKIP (Low Score (-0.58))
frame_11150.jpg: SKIP (Low Score (-0.58))
frame_11151.jpg: SKIP (Low Score (-0.57))
frame_11152.jpg: SKIP (Low Score (-0.57))
frame_11153.jpg: SKIP (Low Score (-0.57))
frame_11154.jpg: SKIP (Low Score (-0.57))
frame_11155.jpg: SKIP (Low Score (-0.30))
frame_11156.jpg: SKIP (Low Score (-0.30))
frame_11157.jpg: SKIP (Low Score (-0.30))
frame_11158.jpg: SKIP (Low Score (0.36))
frame_11159.jpg: SKIP (Low Score (0.36))
frame_11160.jpg: SKIP (Low Score (0.36))
frame_11161.jpg: SKIP (Low Score (0.36))
frame_11162.jpg: FAILED (Not enough lines)
frame_11163.jpg: FAILED (Not enough lines)
frame_11164.jpg: FAILED (Not enough lines)
frame_11165.jpg: FAILED (Not enough lines)
frame_11166.jpg: FAILED (Not enough lines)
frame_11167.jpg: FAILED (Not enough lines)
frame_11168.jpg: FAILED (Not enough lines)
frame_11169.jpg: FAILED (Not enough lines)
frame_11170.jpg: SKIP (Timeout: ransac_inner)
frame_11171.jpg: SKIP (Timeout: ransac_inner)
frame_11172.jpg: SKIP (Timeout: ransac_inner)
frame_11173.jpg: SKIP (Timeout: ransac_inner)
frame_11174.jpg: SKIP (Timeout: ransac_inner)
frame_11175.jpg: SKIP (Timeout: ransac_inner)
frame_11176.jpg: SKIP (Timeout: ransac_inner)
frame_11177.jpg: SKIP (Timeout: ransac_inner)
frame_11178.jpg: SKIP (Timeout: ransac_inner)
frame_11179.jpg: SKIP (Timeout: ransac_inner)
frame_11180.jpg: SKIP (Timeout: ransac_inner)
frame_11181.jpg: SKIP (Timeout: ransac_inner)
frame_11182.jpg: SKIP (Timeout: ransac_inner)
frame_11183.jpg: SKIP (Timeout: ransac_inner)
frame_11184.jpg: SKIP (Timeout: ransac_inner)
frame_11185.jpg: SKIP (Timeout: ransac_inner)
frame_11186.jpg: SKIP (Timeout: ransac_inner)
frame_11187.jpg: SKIP (Timeout: ransac_inner)
frame_11188.jpg: SKIP (Timeout: ransac_inner)
frame_11189.jpg: SKIP (Timeout: ransac_inner)
frame_11190.jpg: SKIP (Timeout: ransac_inner)
frame_11191.jpg: SKIP (Timeout: ransac_inner)
frame_11192.jpg: SKIP (Timeout: ransac_inner)
frame_11193.jpg: SKIP (Timeout: ransac_inner)
frame_11194.jpg: FAILED (Not enough lines)
frame_11195.jpg: FAILED (Not enough lines)
frame_11196.jpg: FAILED (Not enough lines)
frame_11197.jpg: FAILED (Not enough lines)
frame_11198.jpg: SKIP (Timeout: ransac_inner)
frame_11199.jpg: SKIP (Timeout: ransac_inner)
frame_11200.jpg: SKIP (Timeout: ransac_inner)
frame_11201.jpg: SKIP (Timeout: ransac_inner)
frame_11202.jpg: SKIP (Timeout: ransac_inner)
frame_11203.jpg: SKIP (Timeout: ransac_inner)
frame_11204.jpg: SKIP (Timeout: ransac_inner)
frame_11205.jpg: SKIP (Timeout: ransac_inner)
frame_11206.jpg: SKIP (Timeout: ransac_inner)
frame_11207.jpg: SKIP (Timeout: ransac_inner)
frame_11208.jpg: SKIP (Timeout: ransac_inner)
frame_11209.jpg: SKIP (Timeout: ransac_inner)
frame_11210.jpg: SKIP (Timeout: ransac_inner)
frame_11211.jpg: SKIP (Timeout: ransac_inner)
frame_11212.jpg: SKIP (Timeout: ransac_inner)
frame_11213.jpg: SKIP (Timeout: ransac_inner)
frame_11214.jpg: SKIP (Timeout: ransac_inner)
frame_11215.jpg: SKIP (Timeout: ransac_inner)
frame_11216.jpg: SKIP (Timeout: ransac_inner)
frame_11217.jpg: SKIP (Timeout: ransac_inner)
frame_11218.jpg: SKIP (Timeout: ransac_inner)
frame_11219.jpg: SKIP (Timeout: ransac_inner)
frame_11220.jpg: SKIP (Timeout: ransac_inner)
frame_11221.jpg: SKIP (Timeout: ransac_inner)
frame_11222.jpg: FAILED (Not enough lines)
frame_11223.jpg: FAILED (Not enough lines)
frame_11224.jpg: FAILED (Not enough lines)
frame_11225.jpg: FAILED (Not enough lines)
frame_11226.jpg: FAILED (Not enough lines)
frame_11227.jpg: FAILED (Not enough lines)
frame_11228.jpg: FAILED (Not enough lines)
frame_11229.jpg: FAILED (Not enough lines)
frame_11230.jpg: FAILED (Not enough lines)
frame_11231.jpg: FAILED (Not enough lines)
frame_11232.jpg: FAILED (Not enough lines)
frame_11233.jpg: FAILED (Not enough lines)
frame_11234.jpg: FAILED (Not enough lines)
frame_11235.jpg: FAILED (Not enough lines)
frame_11236.jpg: FAILED (Not enough lines)
frame_11237.jpg: FAILED (Not enough lines)
frame_11238.jpg: FAILED (Not enough lines)
frame_11239.jpg: FAILED (Not enough lines)
frame_11240.jpg: FAILED (Not enough lines)
frame_11241.jpg: FAILED (Not enough lines)
frame_11242.jpg: FAILED (Not enough lines)
frame_11243.jpg: FAILED (Not enough lines)
frame_11244.jpg: FAILED (Not enough lines)
frame_11245.jpg: FAILED (Not enough lines)
frame_11246.jpg: FAILED (Not enough lines)
frame_11247.jpg: FAILED (Not enough lines)
frame_11248.jpg: FAILED (Not enough lines)
frame_11249.jpg: FAILED (Not enough lines)
frame_11250.jpg: FAILED (Not enough lines)
frame_11251.jpg: FAILED (Not enough lines)
frame_11252.jpg: FAILED (Not enough lines)
frame_11253.jpg: FAILED (Not enough lines)
frame_11254.jpg: FAILED (Not enough lines)
frame_11255.jpg: FAILED (Not enough lines)
frame_11256.jpg: FAILED (Not enough lines)
frame_11257.jpg: FAILED (Not enough lines)
frame_11258.jpg: FAILED (Not enough lines)
frame_11259.jpg: FAILED (Not enough lines)
frame_11260.jpg: FAILED (Not enough lines)
frame_11261.jpg: FAILED (Not enough lines)
frame_11262.jpg: FAILED (Not enough lines)
frame_11263.jpg: FAILED (Not enough lines)
frame_11264.jpg: FAILED (Not enough lines)
frame_11265.jpg: FAILED (Not enough lines)
frame_11266.jpg: FAILED (Not enough lines)
frame_11267.jpg: FAILED (Not enough lines)
frame_11268.jpg: FAILED (Not enough lines)
frame_11269.jpg: FAILED (Not enough lines)
frame_11270.jpg: FAILED (Not enough lines)
frame_11271.jpg: FAILED (Not enough lines)
frame_11272.jpg: FAILED (Not enough lines)
frame_11273.jpg: FAILED (Not enough lines)
frame_11274.jpg: FAILED (Not enough lines)
frame_11275.jpg: SKIP (Low Score (0.28))
frame_11276.jpg: SKIP (Low Score (0.28))
frame_11277.jpg: SKIP (Low Score (0.28))
frame_11278.jpg: SKIP (Low Score (0.28))
frame_11279.jpg: FAILED (Not enough lines)
frame_11280.jpg: FAILED (Not enough lines)
frame_11281.jpg: FAILED (Not enough lines)
frame_11282.jpg: FAILED (Not enough lines)
frame_11283.jpg: FAILED (Not enough lines)
frame_11284.jpg: FAILED (Not enough lines)
frame_11285.jpg: FAILED (Not enough lines)
frame_11286.jpg: FAILED (Not enough lines)
frame_11287.jpg: SKIP (Low Score (0.24))
frame_11288.jpg: SKIP (Low Score (0.24))
frame_11289.jpg: SKIP (Low Score (0.24))
frame_11290.jpg: SKIP (Low Score (0.24))
frame_11291.jpg: SKIP (Low Score (0.48))
frame_11292.jpg: SKIP (Low Score (0.48))
frame_11293.jpg: SKIP (Low Score (0.48))
frame_11294.jpg: SKIP (Low Score (0.48))
frame_11295.jpg: SKIP (Low Score (0.45))
frame_11296.jpg: SKIP (Low Score (0.45))
frame_11297.jpg: SKIP (Low Score (0.45))
frame_11298.jpg: SKIP (Low Score (0.45))
frame_11299.jpg: FAILED (Not enough lines)
frame_11300.jpg: FAILED (Not enough lines)
frame_11301.jpg: FAILED (Not enough lines)
frame_11302.jpg: FAILED (Not enough lines)
frame_11303.jpg: FAILED (Not enough lines)
frame_11304.jpg: FAILED (Not enough lines)
frame_11305.jpg: FAILED (Not enough lines)
frame_11306.jpg: FAILED (Not enough lines)
frame_11307.jpg: FAILED (Not enough lines)
frame_11308.jpg: FAILED (Not enough lines)
frame_11309.jpg: FAILED (Not enough lines)
frame_11310.jpg: FAILED (Not enough lines)
frame_11311.jpg: FAILED (Not enough lines)
frame_11312.jpg: FAILED (Not enough lines)
frame_11313.jpg: FAILED (Not enough lines)
frame_11314.jpg: FAILED (Not enough lines)
frame_11315.jpg: FAILED (Not enough lines)
frame_11316.jpg: FAILED (Not enough lines)
frame_11317.jpg: FAILED (Not enough lines)
frame_11318.jpg: FAILED (Not enough lines)
frame_11319.jpg: FAILED (Not enough lines)
frame_11320.jpg: FAILED (Not enough lines)
frame_11321.jpg: FAILED (Not enough lines)
frame_11322.jpg: FAILED (Not enough lines)
frame_11323.jpg: FAILED (Not enough lines)
frame_11324.jpg: FAILED (Not enough lines)
frame_11325.jpg: FAILED (Not enough lines)
frame_11326.jpg: FAILED (Not enough lines)
frame_11327.jpg: SKIP (Low Score (0.39))
frame_11328.jpg: SKIP (Low Score (0.39))
frame_11329.jpg: SKIP (Low Score (0.39))
frame_11330.jpg: SKIP (Low Score (0.39))
frame_11331.jpg: FAILED (Not enough lines)
frame_11332.jpg: FAILED (Not enough lines)
frame_11333.jpg: FAILED (Not enough lines)
frame_11334.jpg: FAILED (Not enough lines)
frame_11335.jpg: FAILED (Not enough lines)
frame_11336.jpg: FAILED (Not enough lines)
frame_11337.jpg: FAILED (Not enough lines)
frame_11338.jpg: FAILED (Not enough lines)
frame_11339.jpg: FAILED (Not enough lines)
frame_11340.jpg: FAILED (Not enough lines)
frame_11341.jpg: FAILED (Not enough lines)
frame_11342.jpg: FAILED (Not enough lines)
frame_11343.jpg: FAILED (Not enough lines)
frame_11344.jpg: FAILED (Not enough lines)
frame_11345.jpg: FAILED (Not enough lines)
frame_11346.jpg: FAILED (Not enough lines)
frame_11347.jpg: FAILED (Not enough lines)
frame_11348.jpg: FAILED (Not enough lines)
frame_11349.jpg: FAILED (Not enough lines)
frame_11350.jpg: FAILED (Not enough lines)
frame_11351.jpg: FAILED (Not enough lines)
frame_11352.jpg: FAILED (Not enough lines)
frame_11353.jpg: FAILED (Not enough lines)
frame_11354.jpg: FAILED (Not enough lines)
frame_11355.jpg: FAILED (Not enough lines)
frame_11356.jpg: FAILED (Not enough lines)
frame_11357.jpg: FAILED (Not enough lines)
frame_11358.jpg: FAILED (Not enough lines)
frame_11359.jpg: FAILED (Not enough lines)
frame_11360.jpg: FAILED (Not enough lines)
frame_11361.jpg: FAILED (Not enough lines)
frame_11362.jpg: FAILED (Not enough lines)
frame_11363.jpg: FAILED (Not enough lines)
frame_11364.jpg: FAILED (Not enough lines)
frame_11365.jpg: FAILED (Not enough lines)
frame_11366.jpg: FAILED (Not enough lines)
frame_11367.jpg: FAILED (Not enough lines)
frame_11368.jpg: FAILED (Not enough lines)
frame_11369.jpg: FAILED (Not enough lines)
frame_11370.jpg: FAILED (Not enough lines)
frame_11371.jpg: FAILED (Not enough lines)
frame_11372.jpg: FAILED (Not enough lines)
frame_11373.jpg: FAILED (Not enough lines)
frame_11374.jpg: FAILED (Not enough lines)
frame_11375.jpg: FAILED (Not enough lines)
frame_11376.jpg: FAILED (Not enough lines)
frame_11377.jpg: FAILED (Not enough lines)
frame_11378.jpg: FAILED (Not enough lines)
frame_11379.jpg: FAILED (Not enough lines)
frame_11380.jpg: FAILED (Not enough lines)
frame_11381.jpg: FAILED (Not enough lines)
frame_11382.jpg: FAILED (Not enough lines)
frame_11383.jpg: FAILED (Not enough lines)
frame_11384.jpg: FAILED (Not enough lines)
frame_11385.jpg: FAILED (Not enough lines)
frame_11386.jpg: FAILED (Not enough lines)
frame_11387.jpg: FAILED (Not enough lines)
frame_11388.jpg: FAILED (Not enough lines)
frame_11389.jpg: FAILED (Not enough lines)
frame_11390.jpg: FAILED (Not enough lines)
frame_11391.jpg: FAILED (Not enough lines)
frame_11392.jpg: FAILED (Not enough lines)
frame_11393.jpg: FAILED (Not enough lines)
frame_11394.jpg: FAILED (Not enough lines)
frame_11395.jpg: FAILED (Not enough lines)
frame_11396.jpg: FAILED (Not enough lines)
frame_11397.jpg: FAILED (Not enough lines)
frame_11398.jpg: FAILED (Not enough lines)
frame_11399.jpg: FAILED (Not enough lines)
frame_11400.jpg: FAILED (Not enough lines)
frame_11401.jpg: FAILED (Not enough lines)
frame_11402.jpg: FAILED (Not enough lines)
frame_11403.jpg: FAILED (Not enough lines)
frame_11404.jpg: FAILED (Not enough lines)
frame_11405.jpg: FAILED (Not enough lines)
frame_11406.jpg: FAILED (Not enough lines)
frame_11407.jpg: FAILED (Not enough lines)
frame_11408.jpg: FAILED (Not enough lines)
frame_11409.jpg: FAILED (Not enough lines)
frame_11410.jpg: FAILED (Not enough lines)
frame_11411.jpg: FAILED (Not enough lines)
frame_11412.jpg: FAILED (Not enough lines)
frame_11413.jpg: FAILED (Not enough lines)
frame_11414.jpg: FAILED (Not enough lines)
frame_11415.jpg: FAILED (Not enough lines)
frame_11416.jpg: FAILED (Not enough lines)
frame_11417.jpg: FAILED (Not enough lines)
frame_11418.jpg: FAILED (Not enough lines)
frame_11419.jpg: FAILED (Not enough lines)
frame_11420.jpg: FAILED (Not enough lines)
frame_11421.jpg: FAILED (Not enough lines)
frame_11422.jpg: FAILED (Not enough lines)
frame_11423.jpg: FAILED (Not enough lines)
frame_11424.jpg: FAILED (Not enough lines)
frame_11425.jpg: FAILED (Not enough lines)
frame_11426.jpg: FAILED (Not enough lines)
frame_11427.jpg: FAILED (Not enough lines)
frame_11428.jpg: FAILED (Not enough lines)
frame_11429.jpg: FAILED (Not enough lines)
frame_11430.jpg: FAILED (Not enough lines)
frame_11431.jpg: FAILED (Not enough lines)
frame_11432.jpg: FAILED (Not enough lines)
frame_11433.jpg: FAILED (Not enough lines)
frame_11434.jpg: FAILED (Not enough lines)
frame_11435.jpg: FAILED (Not enough lines)
frame_11436.jpg: FAILED (Not enough lines)
frame_11437.jpg: FAILED (Not enough lines)
frame_11438.jpg: FAILED (Not enough lines)
frame_11439.jpg: FAILED (Not enough lines)
frame_11440.jpg: FAILED (Not enough lines)
frame_11441.jpg: FAILED (Not enough lines)
frame_11442.jpg: FAILED (Not enough lines)
frame_11443.jpg: FAILED (Not enough lines)
frame_11444.jpg: FAILED (Not enough lines)
frame_11445.jpg: FAILED (Not enough lines)
frame_11446.jpg: FAILED (Not enough lines)
frame_11447.jpg: FAILED (Not enough lines)
frame_11448.jpg: FAILED (Not enough lines)
frame_11449.jpg: FAILED (Not enough lines)
frame_11450.jpg: SKIP (Low Score (0.13))
frame_11451.jpg: SKIP (Low Score (0.13))
frame_11452.jpg: SKIP (Low Score (0.13))
frame_11453.jpg: SKIP (Low Score (0.13))
frame_11454.jpg: SKIP (Low Score (0.47))
frame_11455.jpg: SKIP (Low Score (0.47))
frame_11456.jpg: SKIP (Low Score (0.47))
frame_11457.jpg: SKIP (Low Score (0.47))
frame_11458.jpg: SKIP (Low Score (0.47))
frame_11459.jpg: SKIP (Low Score (0.43))
frame_1146.jpg: SKIP (Timeout: safety_margin_pre_refine)
frame_11460.jpg: SKIP (Low Score (0.43))
frame_11461.jpg: SKIP (Low Score (0.43))
frame_11462.jpg: SKIP (Low Score (0.43))
frame_11463.jpg: FAILED (Not enough lines)
frame_11464.jpg: FAILED (Not enough lines)
frame_11465.jpg: FAILED (Not enough lines)
frame_11466.jpg: FAILED (Not enough lines)
frame_11467.jpg: SKIP (Cut Off (36.0% > 5.0%))
frame_11468.jpg: SKIP (Cut Off (36.0% > 5.0%))
frame_11469.jpg: SKIP (Cut Off (36.0% > 5.0%))
frame_1147.jpg: SKIP (Timeout: safety_margin_pre_refine)
frame_11470.jpg: SKIP (Cut Off (36.0% > 5.0%))
frame_11471.jpg: SKIP (Low Score (0.05))
frame_11472.jpg: SKIP (Low Score (0.05))
frame_11473.jpg: SKIP (Low Score (0.05))
frame_11474.jpg: SKIP (Low Score (0.05))
frame_11475.jpg: SKIP (Low Score (0.43))
frame_11476.jpg: SKIP (Low Score (0.43))
frame_11477.jpg: SKIP (Low Score (0.43))
frame_11478.jpg: SKIP (Low Score (0.43))
frame_11479.jpg: SKIP (Low Score (0.45))
frame_11480.jpg: SKIP (Low Score (0.45))
frame_11481.jpg: SKIP (Low Score (0.45))
frame_11482.jpg: SKIP (Low Score (0.45))
frame_11483.jpg: SKIP (Low Score (0.01))
frame_11484.jpg: SKIP (Low Score (0.01))
frame_11485.jpg: SKIP (Low Score (0.01))
frame_11486.jpg: SKIP (Low Score (0.01))
frame_11487.jpg: SKIP (Low Score (0.20))
frame_11488.jpg: SKIP (Low Score (0.20))
frame_11489.jpg: SKIP (Low Score (0.20))
frame_1149.jpg: SKIP (Timeout: ransac_inner)
frame_11490.jpg: SKIP (Low Score (0.20))
frame_11491.jpg: SKIP (Low Score (0.35))
frame_11492.jpg: SKIP (Low Score (0.35))
frame_11493.jpg: SKIP (Low Score (0.35))
frame_11494.jpg: SKIP (Low Score (0.35))
frame_11495.jpg: SKIP (Low Score (-0.08))
frame_11496.jpg: SKIP (Low Score (-0.08))
frame_11497.jpg: SKIP (Low Score (-0.08))
frame_11498.jpg: SKIP (Low Score (-0.08))
frame_11499.jpg: SKIP (Low Score (-0.13))
frame_11500.jpg: SKIP (Low Score (-0.13))
frame_11501.jpg: SKIP (Low Score (-0.13))
frame_11502.jpg: SKIP (Low Score (-0.13))
frame_11503.jpg: SKIP (Low Score (0.01))
frame_11504.jpg: SKIP (Low Score (0.01))
frame_11505.jpg: SKIP (Low Score (0.01))
frame_11506.jpg: SKIP (Low Score (0.01))
frame_11507.jpg: SKIP (Low Score (0.45))
frame_11508.jpg: SKIP (Low Score (0.45))
frame_11509.jpg: SKIP (Low Score (0.45))
frame_11510.jpg: SKIP (Low Score (0.45))
frame_11511.jpg: FAILED (Not enough lines)
frame_11512.jpg: FAILED (Not enough lines)
frame_11513.jpg: FAILED (Not enough lines)
frame_11514.jpg: FAILED (Not enough lines)
frame_11515.jpg: FAILED (Not enough lines)
frame_11516.jpg: FAILED (Not enough lines)
frame_11517.jpg: FAILED (Not enough lines)
frame_11518.jpg: FAILED (Not enough lines)
frame_11519.jpg: FAILED (Not enough lines)
frame_11520.jpg: FAILED (Not enough lines)
frame_11521.jpg: FAILED (Not enough lines)
frame_11522.jpg: FAILED (Not enough lines)
frame_11523.jpg: FAILED (Not enough lines)
frame_11524.jpg: FAILED (Not enough lines)
frame_11525.jpg: FAILED (Not enough lines)
frame_11526.jpg: FAILED (Not enough lines)
frame_11527.jpg: FAILED (Not enough lines)
frame_11528.jpg: FAILED (Not enough lines)
frame_11529.jpg: FAILED (Not enough lines)
frame_11530.jpg: SKIP (Low Score (0.33))
frame_11531.jpg: SKIP (Low Score (0.33))
frame_11532.jpg: SKIP (Low Score (0.33))
frame_11533.jpg: SKIP (Low Score (0.33))
frame_11534.jpg: SKIP (Low Score (0.21))
frame_11535.jpg: SKIP (Low Score (0.21))
frame_11536.jpg: SKIP (Low Score (0.21))
frame_11537.jpg: SKIP (Low Score (0.21))
frame_11538.jpg: SKIP (Low Score (-0.07))
frame_11539.jpg: SKIP (Low Score (-0.07))
frame_11540.jpg: SKIP (Low Score (-0.07))
frame_11541.jpg: SKIP (Low Score (-0.07))
frame_11542.jpg: SKIP (Low Score (-0.07))
frame_11543.jpg: SKIP (Low Score (0.44))
frame_11544.jpg: SKIP (Low Score (0.44))
frame_11545.jpg: SKIP (Low Score (0.44))
frame_11546.jpg: SKIP (Low Score (0.44))
frame_11547.jpg: SKIP (Low Score (0.37))
frame_11548.jpg: SKIP (Low Score (0.37))
frame_11549.jpg: SKIP (Low Score (0.37))
frame_11550.jpg: SKIP (Low Score (0.37))
frame_11551.jpg: FAILED (Not enough lines)
frame_11552.jpg: FAILED (Not enough lines)
frame_11553.jpg: FAILED (Not enough lines)
frame_11554.jpg: FAILED (Not enough lines)
frame_11555.jpg: FAILED (Not enough lines)
frame_11556.jpg: FAILED (Not enough lines)
frame_11557.jpg: FAILED (Not enough lines)
frame_11558.jpg: FAILED (Not enough lines)
frame_11559.jpg: FAILED (Not enough lines)
frame_11560.jpg: FAILED (Not enough lines)
frame_11561.jpg: FAILED (Not enough lines)
frame_11562.jpg: FAILED (Not enough lines)
frame_11563.jpg: FAILED (Not enough lines)
frame_11564.jpg: FAILED (Not enough lines)
frame_11565.jpg: FAILED (Not enough lines)
frame_11566.jpg: FAILED (Not enough lines)
frame_11567.jpg: FAILED (Not enough lines)
frame_11568.jpg: FAILED (Not enough lines)
frame_11569.jpg: FAILED (Not enough lines)
frame_11570.jpg: FAILED (Not enough lines)
frame_11571.jpg: FAILED (Not enough lines)
frame_11572.jpg: FAILED (Not enough lines)
frame_11573.jpg: FAILED (Not enough lines)
frame_11574.jpg: FAILED (Not enough lines)
frame_11575.jpg: FAILED (Not enough lines)
frame_11576.jpg: FAILED (Not enough lines)
frame_11577.jpg: FAILED (Not enough lines)
frame_11578.jpg: FAILED (Not enough lines)
frame_11579.jpg: FAILED (Not enough lines)
frame_11580.jpg: FAILED (Not enough lines)
frame_11581.jpg: FAILED (Not enough lines)
frame_11582.jpg: FAILED (Not enough lines)
frame_11583.jpg: SKIP (Timeout: ransac_inner)
frame_11584.jpg: SKIP (Timeout: ransac_inner)
frame_11585.jpg: SKIP (Timeout: ransac_inner)
frame_11586.jpg: SKIP (Timeout: ransac_inner)
frame_11588.jpg: SKIP (Timeout: ransac_inner)
frame_11589.jpg: SKIP (Timeout: safety_margin_pre_refine)
frame_1159.jpg: SKIP (Timeout: safety_margin_pre_refine)
frame_11603.jpg: SKIP (Timeout: safety_margin_pre_refine)
frame_11607.jpg: SKIP (Timeout: safety_margin_pre_refine)
frame_11610.jpg: SKIP (Timeout: safety_margin_pre_refine)
frame_11620.jpg: SKIP (Timeout: ransac_inner)
frame_11630.jpg: SKIP (Timeout: ransac_inner)
frame_11631.jpg: SKIP (Timeout: safety_margin_pre_refine)
frame_11642.jpg: FAILED (Not enough lines)
frame_11643.jpg: FAILED (Not enough lines)
frame_11644.jpg: FAILED (Not enough lines)
frame_11645.jpg: FAILED (Not enough lines)
frame_11646.jpg: FAILED (Not enough lines)
frame_11647.jpg: FAILED (Not enough lines)
frame_11648.jpg: FAILED (Not enough lines)
frame_11649.jpg: FAILED (Not enough lines)
frame_11650.jpg: FAILED (Not enough lines)
frame_11651.jpg: FAILED (Not enough lines)
frame_11652.jpg: FAILED (Not enough lines)
frame_11653.jpg: FAILED (Not enough lines)
frame_11654.jpg: FAILED (Not enough lines)
frame_11655.jpg: FAILED (Not enough lines)
frame_11656.jpg: FAILED (Not enough lines)
frame_11657.jpg: FAILED (Not enough lines)
frame_11658.jpg: FAILED (Not enough lines)
frame_11659.jpg: SKIP (Cut Off (8.5% > 5.0%))
frame_11660.jpg: SKIP (Cut Off (8.5% > 5.0%))
frame_11661.jpg: SKIP (Cut Off (8.5% > 5.0%))
frame_11662.jpg: SKIP (Cut Off (8.5% > 5.0%))
frame_11663.jpg: SKIP (Cut Off (6.7% > 5.0%))
frame_11664.jpg: SKIP (Cut Off (6.7% > 5.0%))
frame_11665.jpg: SKIP (Cut Off (6.7% > 5.0%))
frame_11666.jpg: SKIP (Cut Off (6.7% > 5.0%))
frame_11667.jpg: SKIP (Cut Off (12.8% > 5.0%))
frame_11668.jpg: SKIP (Cut Off (12.8% > 5.0%))
frame_11669.jpg: SKIP (Cut Off (12.8% > 5.0%))
frame_11670.jpg: SKIP (Cut Off (12.8% > 5.0%))
frame_11671.jpg: SKIP (Cut Off (17.1% > 5.0%))
frame_11672.jpg: SKIP (Cut Off (17.1% > 5.0%))
frame_11673.jpg: SKIP (Cut Off (17.1% > 5.0%))
frame_11674.jpg: SKIP (Cut Off (17.1% > 5.0%))
frame_11675.jpg: SKIP (Cut Off (7.5% > 5.0%))
frame_11676.jpg: SKIP (Cut Off (7.5% > 5.0%))
frame_11677.jpg: SKIP (Cut Off (7.5% > 5.0%))
frame_11678.jpg: SKIP (Cut Off (7.5% > 5.0%))
frame_11679.jpg: SKIP (Cut Off (15.4% > 5.0%))
frame_11680.jpg: SKIP (Cut Off (15.4% > 5.0%))
frame_11681.jpg: SKIP (Cut Off (15.4% > 5.0%))
frame_11682.jpg: SKIP (Cut Off (15.4% > 5.0%))
frame_11683.jpg: SKIP (Cut Off (15.5% > 5.0%))
frame_11684.jpg: SKIP (Cut Off (15.5% > 5.0%))
frame_11685.jpg: SKIP (Cut Off (15.5% > 5.0%))
frame_11686.jpg: SKIP (Cut Off (15.5% > 5.0%))
frame_11687.jpg: SKIP (Cut Off (14.8% > 5.0%))
frame_11688.jpg: SKIP (Cut Off (14.8% > 5.0%))
frame_11689.jpg: SKIP (Cut Off (14.8% > 5.0%))
frame_11690.jpg: SKIP (Cut Off (14.8% > 5.0%))
frame_11691.jpg: SKIP (Cut Off (20.4% > 5.0%))
frame_11692.jpg: SKIP (Cut Off (20.4% > 5.0%))
frame_11693.jpg: SKIP (Cut Off (20.4% > 5.0%))
frame_11694.jpg: SKIP (Cut Off (20.4% > 5.0%))
frame_11695.jpg: SKIP (Cut Off (16.8% > 5.0%))
frame_11696.jpg: SKIP (Cut Off (16.8% > 5.0%))
frame_11697.jpg: SKIP (Cut Off (16.8% > 5.0%))
frame_11698.jpg: SKIP (Cut Off (16.8% > 5.0%))
frame_11699.jpg: SKIP (Cut Off (22.5% > 5.0%))
frame_11700.jpg: SKIP (Cut Off (22.5% > 5.0%))
frame_11701.jpg: SKIP (Cut Off (22.5% > 5.0%))
frame_11702.jpg: SKIP (Cut Off (22.5% > 5.0%))
frame_11703.jpg: SKIP (Cut Off (20.7% > 5.0%))
frame_11704.jpg: SKIP (Cut Off (20.7% > 5.0%))
frame_11705.jpg: SKIP (Cut Off (20.7% > 5.0%))
frame_11706.jpg: SKIP (Cut Off (20.7% > 5.0%))
frame_11707.jpg: SKIP (Cut Off (18.7% > 5.0%))
frame_11708.jpg: SKIP (Cut Off (18.7% > 5.0%))
frame_11709.jpg: SKIP (Cut Off (18.7% > 5.0%))
frame_11710.jpg: SKIP (Cut Off (18.7% > 5.0%))
frame_11711.jpg: SKIP (Cut Off (13.7% > 5.0%))
frame_11712.jpg: SKIP (Cut Off (13.7% > 5.0%))
frame_11713.jpg: SKIP (Cut Off (13.7% > 5.0%))
frame_11714.jpg: SKIP (Cut Off (13.7% > 5.0%))
frame_11715.jpg: SKIP (Cut Off (17.3% > 5.0%))
frame_11716.jpg: SKIP (Cut Off (17.3% > 5.0%))
frame_11717.jpg: SKIP (Cut Off (17.3% > 5.0%))
frame_11718.jpg: SKIP (Cut Off (17.3% > 5.0%))
frame_11719.jpg: SKIP (Cut Off (24.7% > 5.0%))
frame_11720.jpg: SKIP (Cut Off (24.7% > 5.0%))
frame_11721.jpg: SKIP (Cut Off (24.7% > 5.0%))
frame_11722.jpg: SKIP (Cut Off (24.7% > 5.0%))
frame_11723.jpg: SKIP (Cut Off (34.6% > 5.0%))
frame_11724.jpg: SKIP (Cut Off (34.6% > 5.0%))
frame_11725.jpg: SKIP (Cut Off (34.6% > 5.0%))
frame_11726.jpg: SKIP (Cut Off (34.6% > 5.0%))
frame_11727.jpg: SKIP (Cut Off (37.2% > 5.0%))
frame_11728.jpg: SKIP (Cut Off (37.2% > 5.0%))
frame_11729.jpg: SKIP (Cut Off (37.2% > 5.0%))
frame_11730.jpg: SKIP (Cut Off (37.2% > 5.0%))
frame_11731.jpg: SKIP (Cut Off (37.2% > 5.0%))
frame_11732.jpg: SKIP (Cut Off (37.2% > 5.0%))
frame_11733.jpg: SKIP (Cut Off (37.2% > 5.0%))
frame_11734.jpg: SKIP (Cut Off (37.2% > 5.0%))
frame_11735.jpg: SKIP (Cut Off (37.1% > 5.0%))
frame_11736.jpg: SKIP (Cut Off (37.1% > 5.0%))
frame_11737.jpg: SKIP (Cut Off (37.1% > 5.0%))
frame_11738.jpg: SKIP (Cut Off (37.1% > 5.0%))
frame_11739.jpg: SKIP (Cut Off (37.0% > 5.0%))
frame_11740.jpg: SKIP (Cut Off (37.0% > 5.0%))
frame_11741.jpg: SKIP (Cut Off (37.0% > 5.0%))
frame_11742.jpg: SKIP (Cut Off (37.0% > 5.0%))
frame_11743.jpg: SKIP (Cut Off (36.4% > 5.0%))
frame_11744.jpg: SKIP (Cut Off (36.4% > 5.0%))
frame_11745.jpg: SKIP (Cut Off (36.4% > 5.0%))
frame_11746.jpg: SKIP (Cut Off (36.4% > 5.0%))
frame_11747.jpg: SKIP (Cut Off (35.5% > 5.0%))
frame_11748.jpg: SKIP (Cut Off (35.5% > 5.0%))
frame_11749.jpg: SKIP (Cut Off (35.5% > 5.0%))
frame_11750.jpg: SKIP (Cut Off (35.5% > 5.0%))
frame_11751.jpg: SKIP (Cut Off (30.3% > 5.0%))
frame_11752.jpg: SKIP (Cut Off (30.3% > 5.0%))
frame_11753.jpg: SKIP (Cut Off (30.3% > 5.0%))
frame_11754.jpg: SKIP (Cut Off (30.3% > 5.0%))
frame_11755.jpg: SKIP (Cut Off (17.9% > 5.0%))
frame_11756.jpg: SKIP (Cut Off (17.9% > 5.0%))
frame_11757.jpg: SKIP (Cut Off (17.9% > 5.0%))
frame_11758.jpg: SKIP (Cut Off (16.6% > 5.0%))
frame_11759.jpg: SKIP (Cut Off (16.6% > 5.0%))
frame_11760.jpg: SKIP (Cut Off (16.6% > 5.0%))
frame_11761.jpg: SKIP (Cut Off (16.6% > 5.0%))
frame_11762.jpg: SKIP (Cut Off (13.2% > 5.0%))
frame_11763.jpg: SKIP (Cut Off (13.2% > 5.0%))
frame_11764.jpg: SKIP (Cut Off (13.2% > 5.0%))
frame_11765.jpg: SKIP (Cut Off (13.2% > 5.0%))
frame_11766.jpg: SKIP (Cut Off (17.6% > 5.0%))
frame_11767.jpg: SKIP (Cut Off (17.6% > 5.0%))
frame_11768.jpg: SKIP (Cut Off (17.6% > 5.0%))
frame_11769.jpg: SKIP (Cut Off (17.6% > 5.0%))
frame_11770.jpg: SKIP (Cut Off (17.5% > 5.0%))
frame_11771.jpg: SKIP (Cut Off (17.5% > 5.0%))
frame_11772.jpg: SKIP (Cut Off (17.5% > 5.0%))
frame_11773.jpg: SKIP (Cut Off (17.5% > 5.0%))
frame_11774.jpg: SKIP (Cut Off (21.1% > 5.0%))
frame_11775.jpg: SKIP (Cut Off (21.1% > 5.0%))
frame_11776.jpg: SKIP (Cut Off (21.1% > 5.0%))
frame_11777.jpg: SKIP (Cut Off (21.1% > 5.0%))
frame_11778.jpg: SKIP (Cut Off (18.9% > 5.0%))
frame_11779.jpg: SKIP (Cut Off (18.9% > 5.0%))
frame_11780.jpg: SKIP (Cut Off (18.9% > 5.0%))
frame_11781.jpg: SKIP (Cut Off (18.9% > 5.0%))
frame_11782.jpg: SKIP (Cut Off (28.1% > 5.0%))
frame_11783.jpg: SKIP (Cut Off (28.1% > 5.0%))
frame_11784.jpg: SKIP (Cut Off (28.1% > 5.0%))
frame_11785.jpg: SKIP (Cut Off (28.1% > 5.0%))
frame_11786.jpg: SKIP (Cut Off (26.0% > 5.0%))
frame_11787.jpg: SKIP (Cut Off (26.0% > 5.0%))
frame_11788.jpg: SKIP (Cut Off (26.0% > 5.0%))
frame_11789.jpg: SKIP (Cut Off (26.0% > 5.0%))
frame_11790.jpg: SKIP (Cut Off (26.0% > 5.0%))
frame_11791.jpg: SKIP (Cut Off (6.3% > 5.0%))
frame_11792.jpg: SKIP (Cut Off (6.3% > 5.0%))
frame_11793.jpg: SKIP (Cut Off (6.3% > 5.0%))
frame_11794.jpg: SKIP (Cut Off (6.3% > 5.0%))
frame_11795.jpg: FAILED (Not enough lines)
frame_11796.jpg: FAILED (Not enough lines)
frame_11797.jpg: FAILED (Not enough lines)
frame_11798.jpg: FAILED (Not enough lines)
frame_11799.jpg: FAILED (Not enough lines)
frame_11800.jpg: FAILED (Not enough lines)
frame_11801.jpg: FAILED (Not enough lines)
frame_11802.jpg: FAILED (Not enough lines)
frame_1188.jpg: SKIP (Timeout: safety_margin_pre_refine)
frame_1189.jpg: SKIP (Timeout: safety_margin_pre_refine)
frame_1191.jpg: SKIP (Timeout: safety_margin_pre_refine)
frame_1198.jpg: SKIP (Timeout: safety_margin_pre_refine)
frame_1206.jpg: SKIP (Timeout: safety_margin_pre_refine)
frame_1208.jpg: SKIP (Timeout: ransac_inner)
frame_1209.jpg: SKIP (Timeout: ransac_inner)
frame_1212.jpg: SKIP (Timeout: ransac_inner)
frame_1213.jpg: SKIP (Timeout: ransac_inner)
frame_1214.jpg: SKIP (Timeout: ransac_inner)
frame_1215.jpg: SKIP (Timeout: ransac_inner)
frame_1216.jpg: SKIP (Timeout: ransac_inner)
frame_1217.jpg: SKIP (Timeout: ransac_inner)
frame_1218.jpg: SKIP (Timeout: ransac_inner)
frame_1219.jpg: SKIP (Timeout: ransac_inner)
frame_1220.jpg: FAILED (Not enough lines)
frame_1221.jpg: FAILED (Not enough lines)
frame_1222.jpg: FAILED (Not enough lines)
frame_1223.jpg: FAILED (Not enough lines)
frame_1224.jpg: SKIP (Timeout: ransac_inner)
frame_1231.jpg: SKIP (Timeout: ransac_inner)
frame_1238.jpg: SKIP (Timeout: safety_margin_pre_refine)
frame_1249.jpg: SKIP (Timeout: ransac_inner)
frame_1252.jpg: SKIP (Timeout: ransac_inner)
frame_1253.jpg: SKIP (Timeout: ransac_inner)
frame_1256.jpg: SKIP (Timeout: ransac_inner)
frame_1257.jpg: SKIP (Timeout: ransac_inner)
frame_1259.jpg: SKIP (Timeout: ransac_inner)
frame_1260.jpg: SKIP (Timeout: ransac_inner)
frame_1261.jpg: SKIP (Timeout: ransac_inner)
frame_1262.jpg: SKIP (Timeout: ransac_inner)
frame_1263.jpg: SKIP (Timeout: ransac_inner)
frame_1264.jpg: SKIP (Timeout: ransac_inner)
frame_1265.jpg: SKIP (Timeout: ransac_inner)
frame_1266.jpg: SKIP (Timeout: ransac_inner)
frame_1267.jpg: SKIP (Timeout: ransac_inner)
frame_1268.jpg: SKIP (Timeout: ransac_inner)
frame_1269.jpg: SKIP (Timeout: ransac_inner)
frame_1270.jpg: SKIP (Timeout: ransac_inner)
frame_1271.jpg: SKIP (Timeout: ransac_inner)
frame_1272.jpg: SKIP (Timeout: ransac_inner)
frame_1273.jpg: SKIP (Timeout: ransac_inner)
frame_1274.jpg: SKIP (Timeout: ransac_inner)
frame_1275.jpg: SKIP (Timeout: ransac_inner)
frame_1276.jpg: SKIP (Timeout: ransac_inner)
frame_1277.jpg: SKIP (Timeout: ransac_inner)
frame_1279.jpg: SKIP (Timeout: ransac_inner)
frame_1280.jpg: SKIP (Timeout: safety_margin_pre_refine)
frame_1281.jpg: FAILED (Not enough lines)
frame_1282.jpg: FAILED (Not enough lines)
frame_1283.jpg: FAILED (Not enough lines)
frame_1284.jpg: FAILED (Not enough lines)
frame_1285.jpg: FAILED (Not enough lines)
frame_1286.jpg: FAILED (Not enough lines)
frame_1287.jpg: FAILED (Not enough lines)
frame_1288.jpg: FAILED (Not enough lines)
frame_1289.jpg: FAILED (Not enough lines)
frame_1290.jpg: FAILED (Not enough lines)
frame_1291.jpg: FAILED (Not enough lines)
frame_1292.jpg: FAILED (Not enough lines)
frame_1293.jpg: FAILED (Not enough lines)
frame_1294.jpg: FAILED (Not enough lines)
frame_1295.jpg: FAILED (Not enough lines)
frame_1296.jpg: FAILED (Not enough lines)
frame_1297.jpg: FAILED (Not enough lines)
frame_1298.jpg: FAILED (Not enough lines)
frame_1299.jpg: FAILED (Not enough lines)
frame_1300.jpg: FAILED (Not enough lines)
frame_1301.jpg: SKIP (Timeout: ransac_inner)
frame_1302.jpg: SKIP (Timeout: ransac_inner)
frame_1303.jpg: SKIP (Timeout: ransac_inner)
frame_1304.jpg: SKIP (Timeout: ransac_inner)
frame_1305.jpg: SKIP (Timeout: ransac_inner)
frame_1306.jpg: SKIP (Timeout: ransac_inner)
frame_1307.jpg: SKIP (Timeout: ransac_inner)
frame_1308.jpg: SKIP (Timeout: ransac_inner)
frame_1309.jpg: FAILED (Not enough lines)
frame_1310.jpg: FAILED (Not enough lines)
frame_1311.jpg: FAILED (Not enough lines)
frame_1312.jpg: FAILED (Not enough lines)
frame_1313.jpg: SKIP (Low Score (-0.38))
frame_1314.jpg: SKIP (Low Score (-0.38))
frame_1315.jpg: SKIP (Low Score (-0.38))
frame_1316.jpg: SKIP (Low Score (-0.38))
frame_1317.jpg: SKIP (Low Score (-0.18))
frame_1318.jpg: SKIP (Low Score (-0.18))
frame_1319.jpg: SKIP (Low Score (-0.18))
frame_1320.jpg: SKIP (Low Score (-0.18))
frame_1321.jpg: SKIP (Low Score (-0.22))
frame_1322.jpg: SKIP (Low Score (-0.22))
frame_1323.jpg: SKIP (Low Score (-0.22))
frame_1324.jpg: SKIP (Low Score (-0.22))
frame_1325.jpg: SKIP (Cut Off (25.1% > 5.0%))
frame_1326.jpg: SKIP (Cut Off (25.1% > 5.0%))
frame_1327.jpg: SKIP (Cut Off (25.1% > 5.0%))
frame_1328.jpg: SKIP (Cut Off (25.1% > 5.0%))
frame_1329.jpg: SKIP (Low Score (-0.49))
frame_1330.jpg: SKIP (Low Score (-0.49))
frame_1331.jpg: SKIP (Low Score (-0.49))
frame_1332.jpg: SKIP (Low Score (-0.49))
frame_1333.jpg: SKIP (Low Score (-0.12))
frame_1334.jpg: SKIP (Low Score (-0.12))
frame_1335.jpg: SKIP (Low Score (-0.12))
frame_1336.jpg: SKIP (Low Score (-0.12))
frame_1337.jpg: SKIP (Low Score (-0.36))
frame_1338.jpg: SKIP (Low Score (-0.36))
frame_1339.jpg: SKIP (Low Score (-0.36))
frame_1340.jpg: SKIP (Low Score (-0.36))
frame_1341.jpg: SKIP (Low Score (-0.45))
frame_1342.jpg: SKIP (Low Score (-0.45))
frame_1343.jpg: SKIP (Low Score (-0.45))
frame_1344.jpg: SKIP (Low Score (-0.45))
frame_1345.jpg: SKIP (Low Score (0.30))
frame_1346.jpg: SKIP (Low Score (0.30))
frame_1347.jpg: SKIP (Low Score (0.30))
frame_1348.jpg: SKIP (Low Score (0.30))
frame_1349.jpg: SKIP (Low Score (-0.62))
frame_1350.jpg: SKIP (Low Score (-0.62))
frame_1351.jpg: SKIP (Low Score (-0.62))
frame_1352.jpg: SKIP (Low Score (-0.62))
frame_1353.jpg: SKIP (Low Score (-0.37))
frame_1354.jpg: SKIP (Low Score (-0.37))
frame_1355.jpg: SKIP (Low Score (-0.37))
frame_1356.jpg: SKIP (Low Score (-0.37))
frame_1357.jpg: SKIP (Low Score (-0.44))
frame_1358.jpg: SKIP (Low Score (-0.44))
frame_1359.jpg: SKIP (Low Score (-0.44))
frame_1360.jpg: SKIP (Low Score (-0.44))
frame_1361.jpg: SKIP (Low Score (-0.27))
frame_1362.jpg: SKIP (Low Score (-0.27))
frame_1363.jpg: SKIP (Low Score (-0.27))
frame_1364.jpg: SKIP (Low Score (-0.27))
frame_1365.jpg: SKIP (Low Score (-0.38))
frame_1366.jpg: SKIP (Low Score (-0.38))
frame_1367.jpg: SKIP (Low Score (-0.38))
frame_1368.jpg: SKIP (Low Score (-0.38))
frame_1369.jpg: SKIP (Low Score (-0.40))
frame_1370.jpg: SKIP (Low Score (-0.40))
frame_1371.jpg: SKIP (Low Score (-0.40))
frame_1372.jpg: SKIP (Low Score (-0.40))
frame_1373.jpg: SKIP (Low Score (-0.30))
frame_1374.jpg: SKIP (Low Score (-0.30))
frame_1375.jpg: SKIP (Low Score (-0.30))
frame_1376.jpg: SKIP (Low Score (-0.30))
frame_1377.jpg: SKIP (Low Score (-0.58))
frame_1378.jpg: SKIP (Low Score (-0.58))
frame_1379.jpg: SKIP (Low Score (-0.58))
frame_1380.jpg: SKIP (Low Score (-0.58))
frame_1381.jpg: SKIP (Low Score (-0.55))
frame_1382.jpg: SKIP (Low Score (-0.55))
frame_1383.jpg: SKIP (Low Score (-0.55))
frame_1384.jpg: SKIP (Low Score (-0.55))
frame_1385.jpg: SKIP (Low Score (-0.35))
frame_1386.jpg: SKIP (Low Score (-0.35))
frame_1387.jpg: SKIP (Low Score (-0.35))
frame_1388.jpg: SKIP (Low Score (-0.35))
frame_1389.jpg: SKIP (Low Score (-0.50))
frame_1390.jpg: SKIP (Low Score (-0.50))
frame_1391.jpg: SKIP (Low Score (-0.50))
frame_1392.jpg: SKIP (Low Score (-0.50))
frame_1393.jpg: SKIP (Low Score (-0.26))
frame_1394.jpg: SKIP (Low Score (-0.26))
frame_1395.jpg: SKIP (Low Score (-0.26))
frame_1396.jpg: SKIP (Low Score (-0.26))
frame_1397.jpg: SKIP (Low Score (-0.39))
frame_1398.jpg: SKIP (Low Score (-0.39))
frame_1399.jpg: SKIP (Low Score (-0.39))
frame_1400.jpg: SKIP (Low Score (-0.39))
frame_1401.jpg: SKIP (Low Score (-0.36))
frame_1402.jpg: SKIP (Low Score (-0.36))
frame_1403.jpg: SKIP (Low Score (-0.36))
frame_1404.jpg: SKIP (Low Score (-0.36))
frame_1405.jpg: SKIP (Low Score (-0.45))
frame_1406.jpg: SKIP (Low Score (-0.45))
frame_1407.jpg: SKIP (Low Score (-0.45))
frame_1408.jpg: SKIP (Low Score (-0.53))
frame_1409.jpg: SKIP (Low Score (-0.53))
frame_1410.jpg: SKIP (Low Score (-0.53))
frame_1411.jpg: SKIP (Low Score (-0.53))
frame_1412.jpg: SKIP (Low Score (-0.67))
frame_1413.jpg: SKIP (Low Score (-0.67))
frame_1414.jpg: SKIP (Low Score (-0.67))
frame_1415.jpg: SKIP (Low Score (-0.67))
frame_1416.jpg: SKIP (Low Score (-0.38))
frame_1417.jpg: SKIP (Low Score (-0.38))
frame_1418.jpg: SKIP (Low Score (-0.38))
frame_1419.jpg: SKIP (Low Score (-0.38))
frame_1420.jpg: SKIP (Low Score (-0.57))
frame_1421.jpg: SKIP (Low Score (-0.57))
frame_1422.jpg: SKIP (Low Score (-0.57))
frame_1423.jpg: SKIP (Low Score (-0.57))
frame_1424.jpg: SKIP (Low Score (-0.57))
frame_1425.jpg: SKIP (Low Score (-0.25))
frame_1426.jpg: SKIP (Low Score (-0.25))
frame_1427.jpg: SKIP (Low Score (-0.25))
frame_1428.jpg: SKIP (Low Score (-0.25))
frame_1429.jpg: SKIP (Low Score (-0.55))
frame_1430.jpg: SKIP (Low Score (-0.55))
frame_1431.jpg: SKIP (Low Score (-0.55))
frame_1432.jpg: SKIP (Low Score (-0.55))
frame_1433.jpg: SKIP (Low Score (-0.74))
frame_1434.jpg: SKIP (Low Score (-0.74))
frame_1435.jpg: SKIP (Low Score (-0.74))
frame_1436.jpg: SKIP (Low Score (-0.74))
frame_1437.jpg: SKIP (Low Score (-0.38))
frame_1438.jpg: SKIP (Low Score (-0.38))
frame_1439.jpg: SKIP (Low Score (-0.38))
frame_1440.jpg: SKIP (Low Score (-0.38))
frame_1441.jpg: SKIP (Low Score (0.14))
frame_1442.jpg: SKIP (Low Score (0.14))
frame_1443.jpg: SKIP (Low Score (0.14))
frame_1444.jpg: SKIP (Low Score (0.14))
frame_1445.jpg: SKIP (Low Score (-0.44))
frame_1446.jpg: SKIP (Low Score (-0.44))
frame_1447.jpg: SKIP (Low Score (-0.44))
frame_1448.jpg: SKIP (Low Score (-0.44))
frame_1449.jpg: SKIP (Low Score (-0.11))
frame_1450.jpg: SKIP (Low Score (-0.11))
frame_1451.jpg: SKIP (Low Score (-0.11))
frame_1452.jpg: SKIP (Low Score (-0.11))
frame_1453.jpg: SKIP (Low Score (-0.32))
frame_1454.jpg: SKIP (Low Score (-0.32))
frame_1455.jpg: SKIP (Low Score (-0.32))
frame_1456.jpg: SKIP (Low Score (-0.32))
frame_1457.jpg: SKIP (Low Score (-0.01))
frame_1458.jpg: SKIP (Low Score (-0.01))
frame_1459.jpg: SKIP (Low Score (-0.01))
frame_1460.jpg: SKIP (Low Score (-0.01))
frame_1461.jpg: SKIP (Low Score (-0.31))
frame_1462.jpg: SKIP (Low Score (-0.31))
frame_1463.jpg: SKIP (Low Score (-0.31))
frame_1464.jpg: SKIP (Low Score (-0.31))
frame_1465.jpg: SKIP (Low Score (-0.05))
frame_1466.jpg: SKIP (Low Score (-0.05))
frame_1467.jpg: SKIP (Low Score (-0.05))
frame_1468.jpg: SKIP (Low Score (-0.05))
frame_1469.jpg: SKIP (Low Score (0.26))
frame_1470.jpg: SKIP (Low Score (0.26))
frame_1471.jpg: SKIP (Low Score (0.26))
frame_1472.jpg: SKIP (Low Score (0.26))
frame_1473.jpg: SKIP (Low Score (-0.60))
frame_1474.jpg: SKIP (Low Score (-0.60))
frame_1475.jpg: SKIP (Low Score (-0.60))
frame_1476.jpg: SKIP (Low Score (-0.60))
frame_1477.jpg: SKIP (Low Score (0.47))
frame_1478.jpg: SKIP (Low Score (0.47))
frame_1479.jpg: SKIP (Low Score (0.47))
frame_1480.jpg: SKIP (Low Score (0.47))
frame_1481.jpg: SKIP (Low Score (0.02))
frame_1482.jpg: SKIP (Low Score (0.02))
frame_1483.jpg: SKIP (Low Score (0.02))
frame_1484.jpg: SKIP (Low Score (0.02))
frame_1485.jpg: SKIP (Low Score (0.17))
frame_1486.jpg: SKIP (Low Score (0.17))
frame_1487.jpg: SKIP (Low Score (0.17))
frame_1488.jpg: SKIP (Low Score (0.17))
frame_1489.jpg: SKIP (Low Score (0.49))
frame_1490.jpg: SKIP (Low Score (0.49))
frame_1491.jpg: SKIP (Low Score (0.49))
frame_1492.jpg: SKIP (Low Score (0.49))
frame_1493.jpg: SKIP (Low Score (-0.27))
frame_1494.jpg: SKIP (Low Score (-0.27))
frame_1495.jpg: SKIP (Low Score (-0.27))
frame_1496.jpg: SKIP (Low Score (-0.27))
frame_1497.jpg: SKIP (Low Score (0.08))
frame_1498.jpg: SKIP (Low Score (0.08))
frame_1499.jpg: SKIP (Low Score (0.08))
frame_1500.jpg: SKIP (Low Score (0.08))
frame_1501.jpg: FAILED (Not enough lines)
frame_1502.jpg: FAILED (Not enough lines)
frame_1503.jpg: FAILED (Not enough lines)
frame_1504.jpg: FAILED (Not enough lines)
frame_1505.jpg: SKIP (Cut Off (6.2% > 5.0%))
frame_1506.jpg: SKIP (Cut Off (6.2% > 5.0%))
frame_1507.jpg: SKIP (Cut Off (6.2% > 5.0%))
frame_1508.jpg: SKIP (Cut Off (6.2% > 5.0%))
frame_1509.jpg: SKIP (Low Score (0.17))
frame_1510.jpg: SKIP (Low Score (0.17))
frame_1511.jpg: SKIP (Low Score (0.17))
frame_1512.jpg: SKIP (Low Score (0.17))
frame_1513.jpg: SKIP (Low Score (0.47))
frame_1514.jpg: SKIP (Low Score (0.47))
frame_1515.jpg: SKIP (Low Score (0.47))
frame_1516.jpg: SKIP (Low Score (0.47))
frame_1517.jpg: SKIP (Low Score (0.20))
frame_1518.jpg: SKIP (Low Score (0.20))
frame_1519.jpg: SKIP (Low Score (0.20))
frame_1520.jpg: SKIP (Low Score (0.20))
frame_1521.jpg: SKIP (Cut Off (41.3% > 5.0%))
frame_1522.jpg: SKIP (Cut Off (41.3% > 5.0%))
frame_1523.jpg: SKIP (Cut Off (41.3% > 5.0%))
frame_1524.jpg: SKIP (Cut Off (41.3% > 5.0%))
frame_1525.jpg: SKIP (Low Score (0.32))
frame_1526.jpg: SKIP (Low Score (0.32))
frame_1527.jpg: SKIP (Low Score (0.32))
frame_1528.jpg: SKIP (Low Score (0.32))
frame_1529.jpg: SKIP (Low Score (0.09))
frame_1530.jpg: SKIP (Low Score (0.09))
frame_1531.jpg: SKIP (Low Score (0.09))
frame_1532.jpg: SKIP (Low Score (0.09))
frame_1533.jpg: SKIP (Cut Off (17.3% > 5.0%))
frame_1534.jpg: SKIP (Cut Off (17.3% > 5.0%))
frame_1535.jpg: SKIP (Cut Off (17.3% > 5.0%))
frame_1536.jpg: SKIP (Cut Off (17.3% > 5.0%))
frame_1537.jpg: SKIP (Low Score (0.47))
frame_1538.jpg: SKIP (Low Score (0.47))
frame_1539.jpg: SKIP (Low Score (0.47))
frame_1540.jpg: SKIP (Low Score (0.47))
frame_1541.jpg: SKIP (Cut Off (6.8% > 5.0%))
frame_1542.jpg: SKIP (Cut Off (6.8% > 5.0%))
frame_1543.jpg: SKIP (Cut Off (6.8% > 5.0%))
frame_1544.jpg: SKIP (Cut Off (6.8% > 5.0%))
frame_1545.jpg: SKIP (Cut Off (13.2% > 5.0%))
frame_1546.jpg: SKIP (Cut Off (13.2% > 5.0%))
frame_1547.jpg: SKIP (Cut Off (13.2% > 5.0%))
frame_1548.jpg: SKIP (Cut Off (13.2% > 5.0%))
frame_1549.jpg: SKIP (Cut Off (18.3% > 5.0%))
frame_1550.jpg: SKIP (Cut Off (18.3% > 5.0%))
frame_1551.jpg: SKIP (Cut Off (18.3% > 5.0%))
frame_1552.jpg: SKIP (Cut Off (18.3% > 5.0%))
frame_1553.jpg: SKIP (Low Score (0.29))
frame_1554.jpg: SKIP (Low Score (0.29))
frame_1555.jpg: SKIP (Low Score (0.29))
frame_1556.jpg: SKIP (Low Score (0.29))
frame_1557.jpg: SKIP (Cut Off (24.9% > 5.0%))
frame_1558.jpg: SKIP (Cut Off (24.9% > 5.0%))
frame_1559.jpg: SKIP (Cut Off (24.9% > 5.0%))
frame_1560.jpg: SKIP (Cut Off (24.9% > 5.0%))
frame_1561.jpg: SKIP (Cut Off (25.1% > 5.0%))
frame_1562.jpg: SKIP (Cut Off (25.1% > 5.0%))
frame_1563.jpg: SKIP (Cut Off (25.1% > 5.0%))
frame_1564.jpg: SKIP (Cut Off (25.1% > 5.0%))
frame_1565.jpg: SKIP (Cut Off (25.0% > 5.0%))
frame_1566.jpg: SKIP (Cut Off (25.0% > 5.0%))
frame_1567.jpg: SKIP (Cut Off (25.0% > 5.0%))
frame_1568.jpg: SKIP (Cut Off (25.0% > 5.0%))
frame_1569.jpg: SKIP (Cut Off (22.7% > 5.0%))
frame_1570.jpg: SKIP (Cut Off (22.7% > 5.0%))
frame_1571.jpg: SKIP (Cut Off (22.7% > 5.0%))
frame_1572.jpg: SKIP (Cut Off (22.7% > 5.0%))
frame_1573.jpg: SKIP (Cut Off (21.9% > 5.0%))
frame_1574.jpg: SKIP (Cut Off (21.9% > 5.0%))
frame_1575.jpg: SKIP (Cut Off (21.9% > 5.0%))
frame_1576.jpg: SKIP (Cut Off (21.9% > 5.0%))
frame_1577.jpg: SKIP (Low Score (-0.37))
frame_1578.jpg: SKIP (Low Score (-0.37))
frame_1579.jpg: SKIP (Low Score (-0.37))
frame_1580.jpg: SKIP (Low Score (-0.37))
frame_1581.jpg: SKIP (Low Score (-0.24))
frame_1582.jpg: SKIP (Low Score (-0.24))
frame_1583.jpg: SKIP (Low Score (-0.24))
frame_1584.jpg: SKIP (Low Score (-0.24))
frame_1585.jpg: SKIP (Low Score (-0.36))
frame_1586.jpg: SKIP (Low Score (-0.36))
frame_1587.jpg: SKIP (Low Score (-0.36))
frame_1588.jpg: SKIP (Low Score (-0.36))
frame_1589.jpg: SKIP (Low Score (0.11))
frame_1590.jpg: SKIP (Low Score (0.11))
frame_1591.jpg: SKIP (Low Score (0.11))
frame_1592.jpg: SKIP (Low Score (0.11))
frame_1593.jpg: SKIP (Low Score (0.18))
frame_1594.jpg: SKIP (Low Score (0.18))
frame_1595.jpg: SKIP (Low Score (0.18))
frame_1596.jpg: SKIP (Low Score (0.18))
frame_1597.jpg: SKIP (Low Score (0.34))
frame_1598.jpg: SKIP (Low Score (0.34))
frame_1599.jpg: SKIP (Low Score (0.34))
frame_1600.jpg: SKIP (Low Score (0.34))
frame_1601.jpg: SKIP (Cut Off (30.0% > 5.0%))
frame_1602.jpg: SKIP (Cut Off (30.0% > 5.0%))
frame_1603.jpg: SKIP (Cut Off (30.0% > 5.0%))
frame_1604.jpg: SKIP (Cut Off (30.0% > 5.0%))
frame_1605.jpg: SKIP (Low Score (0.02))
frame_1606.jpg: SKIP (Low Score (0.02))
frame_1607.jpg: SKIP (Low Score (0.02))
frame_1608.jpg: SKIP (Low Score (0.02))
frame_1609.jpg: SKIP (Cut Off (29.2% > 5.0%))
frame_1610.jpg: SKIP (Cut Off (29.2% > 5.0%))
frame_1611.jpg: SKIP (Cut Off (29.2% > 5.0%))
frame_1612.jpg: SKIP (Cut Off (29.2% > 5.0%))
frame_1613.jpg: SKIP (Cut Off (18.4% > 5.0%))
frame_1614.jpg: SKIP (Cut Off (18.4% > 5.0%))
frame_1615.jpg: SKIP (Cut Off (18.4% > 5.0%))
frame_1616.jpg: SKIP (Cut Off (18.4% > 5.0%))
frame_1617.jpg: SKIP (Low Score (0.27))
frame_1618.jpg: SKIP (Low Score (0.27))
frame_1619.jpg: SKIP (Low Score (0.27))
frame_1620.jpg: SKIP (Low Score (0.27))
frame_1621.jpg: SKIP (Low Score (0.20))
frame_1622.jpg: SKIP (Low Score (0.20))
frame_1623.jpg: SKIP (Low Score (0.20))
frame_1624.jpg: SKIP (Low Score (0.20))
frame_1625.jpg: SKIP (Cut Off (21.0% > 5.0%))
frame_1626.jpg: SKIP (Cut Off (21.0% > 5.0%))
frame_1627.jpg: SKIP (Cut Off (21.0% > 5.0%))
frame_1628.jpg: SKIP (Cut Off (21.0% > 5.0%))
frame_1629.jpg: SKIP (Low Score (-0.22))
frame_1630.jpg: SKIP (Low Score (-0.22))
frame_1631.jpg: SKIP (Low Score (-0.22))
frame_1632.jpg: SKIP (Low Score (-0.22))
frame_1633.jpg: SKIP (Low Score (0.49))
frame_1634.jpg: SKIP (Low Score (0.49))
frame_1635.jpg: SKIP (Low Score (0.49))
frame_1636.jpg: SKIP (Low Score (0.49))
frame_1637.jpg: SKIP (Cut Off (31.8% > 5.0%))
frame_1638.jpg: SKIP (Cut Off (31.8% > 5.0%))
frame_1639.jpg: SKIP (Cut Off (31.8% > 5.0%))
frame_1640.jpg: SKIP (Cut Off (31.8% > 5.0%))
frame_1641.jpg: SKIP (Cut Off (25.3% > 5.0%))
frame_1642.jpg: SKIP (Cut Off (25.3% > 5.0%))
frame_1643.jpg: SKIP (Cut Off (25.3% > 5.0%))
frame_1644.jpg: SKIP (Cut Off (25.3% > 5.0%))
frame_1645.jpg: SKIP (Cut Off (17.1% > 5.0%))
frame_1646.jpg: SKIP (Cut Off (17.1% > 5.0%))
frame_1647.jpg: SKIP (Cut Off (17.1% > 5.0%))
frame_1648.jpg: SKIP (Cut Off (17.1% > 5.0%))
frame_1649.jpg: SKIP (Cut Off (15.9% > 5.0%))
frame_1650.jpg: SKIP (Cut Off (15.9% > 5.0%))
frame_1651.jpg: SKIP (Cut Off (15.9% > 5.0%))
frame_1652.jpg: SKIP (Cut Off (15.9% > 5.0%))
frame_1653.jpg: SKIP (Cut Off (10.6% > 5.0%))
frame_1654.jpg: SKIP (Cut Off (10.6% > 5.0%))
frame_1655.jpg: SKIP (Cut Off (10.6% > 5.0%))
frame_1656.jpg: SKIP (Cut Off (10.6% > 5.0%))
frame_1657.jpg: FAILED (Not enough lines)
frame_1658.jpg: FAILED (Not enough lines)
frame_1659.jpg: FAILED (Not enough lines)
frame_1660.jpg: FAILED (Not enough lines)
frame_1661.jpg: FAILED (Not enough lines)
frame_1662.jpg: FAILED (Not enough lines)
frame_1663.jpg: FAILED (Not enough lines)
frame_1664.jpg: FAILED (Not enough lines)
frame_1665.jpg: FAILED (Not enough lines)
frame_1666.jpg: FAILED (Not enough lines)
frame_1667.jpg: FAILED (Not enough lines)
frame_1668.jpg: FAILED (Not enough lines)
frame_1669.jpg: FAILED (Not enough lines)
frame_1670.jpg: FAILED (Not enough lines)
frame_1671.jpg: FAILED (Not enough lines)
frame_1672.jpg: FAILED (Not enough lines)
frame_1673.jpg: FAILED (Not enough lines)
frame_1674.jpg: FAILED (Not enough lines)
frame_1675.jpg: FAILED (Not enough lines)
frame_1676.jpg: FAILED (Not enough lines)
frame_1677.jpg: FAILED (Not enough lines)
frame_1678.jpg: FAILED (Not enough lines)
frame_1679.jpg: FAILED (Not enough lines)
frame_1680.jpg: FAILED (Not enough lines)
frame_1681.jpg: FAILED (Not enough lines)
frame_1682.jpg: FAILED (Not enough lines)
frame_1683.jpg: FAILED (Not enough lines)
frame_1684.jpg: FAILED (Not enough lines)
frame_1685.jpg: FAILED (Not enough lines)
frame_1686.jpg: FAILED (Not enough lines)
frame_1687.jpg: FAILED (Not enough lines)
frame_1688.jpg: FAILED (Not enough lines)
frame_1689.jpg: FAILED (Not enough lines)
frame_1690.jpg: FAILED (Not enough lines)
frame_1691.jpg: FAILED (Not enough lines)
frame_1692.jpg: FAILED (Not enough lines)
frame_1693.jpg: SKIP (Timeout: safety_margin_pre_refine)
frame_1694.jpg: SKIP (Timeout: safety_margin_pre_refine)
frame_1740.jpg: SKIP (Timeout: safety_margin_pre_refine)
frame_1760.jpg: SKIP (Timeout: ransac_inner)
frame_1761.jpg: SKIP (Timeout: safety_margin_pre_refine)
frame_1769.jpg: SKIP (Timeout: safety_margin_pre_refine)
frame_1775.jpg: SKIP (Timeout: ransac_inner)
frame_1778.jpg: SKIP (Timeout: safety_margin_pre_refine)
frame_1780.jpg: SKIP (Timeout: safety_margin_pre_refine)
frame_1781.jpg: SKIP (Timeout: safety_margin_pre_refine)
frame_1786.jpg: SKIP (Timeout: safety_margin_pre_refine)
frame_1789.jpg: SKIP (Timeout: safety_margin_pre_refine)
frame_1792.jpg: SKIP (Timeout: ransac_inner)
frame_1793.jpg: SKIP (Timeout: ransac_inner)
frame_1794.jpg: SKIP (Timeout: ransac_inner)
frame_1795.jpg: SKIP (Timeout: ransac_inner)
frame_1816.jpg: SKIP (Timeout: safety_margin_pre_refine)
frame_1820.jpg: SKIP (Timeout: safety_margin_pre_refine)
frame_1821.jpg: SKIP (Timeout: safety_margin_pre_refine)
frame_1825.jpg: SKIP (Timeout: safety_margin_pre_refine)
frame_1830.jpg: SKIP (Timeout: safety_margin_pre_refine)
frame_1834.jpg: SKIP (Timeout: safety_margin_pre_refine)
frame_1838.jpg: SKIP (Timeout: safety_margin_pre_refine)
frame_1843.jpg: SKIP (Timeout: ransac_inner)
frame_1846.jpg: SKIP (Timeout: ransac_inner)
frame_1864.jpg: SKIP (Timeout: safety_margin_pre_refine)
frame_1865.jpg: SKIP (Timeout: ransac_inner)
frame_1884.jpg: SKIP (Timeout: safety_margin_pre_refine)
frame_1904.jpg: SKIP (Timeout: ransac_inner)
frame_1942.jpg: SKIP (Timeout: ransac_inner)
frame_1959.jpg: SKIP (Timeout: ransac_inner)
frame_1977.jpg: SKIP (Timeout: safety_margin_pre_refine)
frame_1990.jpg: SKIP (Timeout: safety_margin_pre_refine)
frame_1992.jpg: FAILED (Not enough lines)
frame_1993.jpg: FAILED (Not enough lines)
frame_1994.jpg: FAILED (Not enough lines)
frame_1995.jpg: FAILED (Not enough lines)
frame_2001.jpg: FAILED (Not enough lines)
frame_2002.jpg: FAILED (Not enough lines)
frame_2003.jpg: FAILED (Not enough lines)
frame_2004.jpg: FAILED (Not enough lines)
frame_2005.jpg: FAILED (Not enough lines)
frame_2006.jpg: FAILED (Not enough lines)
frame_2007.jpg: FAILED (Not enough lines)
frame_2008.jpg: FAILED (Not enough lines)
frame_2049.jpg: SKIP (Timeout: safety_margin_pre_refine)
frame_2051.jpg: SKIP (Timeout: safety_margin_pre_refine)
frame_2054.jpg: SKIP (Timeout: ransac_inner)
frame_2055.jpg: SKIP (Timeout: safety_margin_pre_refine)
frame_2058.jpg: SKIP (Timeout: ransac_inner)
frame_2060.jpg: SKIP (Timeout: safety_margin_pre_refine)
frame_2061.jpg: SKIP (Timeout: safety_margin_pre_refine)
frame_2062.jpg: SKIP (Timeout: ransac_inner)
frame_2064.jpg: SKIP (Timeout: safety_margin_pre_refine)
frame_2066.jpg: SKIP (Timeout: safety_margin_pre_refine)
frame_2072.jpg: SKIP (Timeout: safety_margin_pre_refine)
frame_2075.jpg: SKIP (Timeout: ransac_inner)
frame_2081.jpg: SKIP (Timeout: ransac_inner)
frame_2082.jpg: SKIP (Timeout: safety_margin_pre_refine)
frame_2089.jpg: SKIP (Timeout: safety_margin_pre_refine)
frame_2097.jpg: SKIP (Timeout: safety_margin_pre_refine)
frame_2098.jpg: SKIP (Timeout: safety_margin_pre_refine)
frame_2107.jpg: SKIP (Timeout: ransac_inner)
frame_2113.jpg: SKIP (Timeout: safety_margin_pre_refine)
frame_2125.jpg: SKIP (Timeout: safety_margin_pre_refine)
frame_2129.jpg: SKIP (Timeout: safety_margin_pre_refine)
frame_2136.jpg: FAILED (Not enough lines)
frame_2137.jpg: FAILED (Not enough lines)
frame_2138.jpg: FAILED (Not enough lines)
frame_2139.jpg: FAILED (Not enough lines)
frame_2140.jpg: SKIP (Cut Off (14.1% > 5.0%))
frame_2141.jpg: SKIP (Cut Off (14.1% > 5.0%))
frame_2142.jpg: SKIP (Cut Off (14.1% > 5.0%))
frame_2143.jpg: SKIP (Cut Off (14.1% > 5.0%))
frame_2144.jpg: SKIP (Cut Off (21.2% > 5.0%))
frame_2145.jpg: SKIP (Cut Off (21.2% > 5.0%))
frame_2146.jpg: SKIP (Cut Off (21.2% > 5.0%))
frame_2147.jpg: SKIP (Cut Off (21.2% > 5.0%))
frame_2148.jpg: SKIP (Cut Off (21.2% > 5.0%))
frame_2149.jpg: SKIP (Cut Off (20.0% > 5.0%))
frame_2150.jpg: SKIP (Cut Off (20.0% > 5.0%))
frame_2151.jpg: SKIP (Cut Off (20.0% > 5.0%))
frame_2152.jpg: SKIP (Cut Off (20.0% > 5.0%))
frame_2153.jpg: SKIP (Cut Off (24.2% > 5.0%))
frame_2154.jpg: SKIP (Cut Off (24.2% > 5.0%))
frame_2155.jpg: SKIP (Cut Off (24.2% > 5.0%))
frame_2156.jpg: SKIP (Cut Off (24.2% > 5.0%))
frame_2157.jpg: SKIP (Cut Off (16.2% > 5.0%))
frame_2158.jpg: SKIP (Cut Off (16.2% > 5.0%))
frame_2159.jpg: SKIP (Cut Off (16.2% > 5.0%))
frame_2160.jpg: SKIP (Cut Off (16.2% > 5.0%))
frame_2161.jpg: SKIP (Cut Off (20.1% > 5.0%))
frame_2162.jpg: SKIP (Cut Off (20.1% > 5.0%))
frame_2163.jpg: SKIP (Cut Off (20.1% > 5.0%))
frame_2164.jpg: SKIP (Cut Off (20.1% > 5.0%))
frame_2165.jpg: SKIP (Cut Off (21.3% > 5.0%))
frame_2166.jpg: SKIP (Cut Off (21.3% > 5.0%))
frame_2167.jpg: SKIP (Cut Off (21.3% > 5.0%))
frame_2168.jpg: SKIP (Cut Off (21.3% > 5.0%))
frame_2169.jpg: SKIP (Cut Off (16.3% > 5.0%))
frame_2170.jpg: SKIP (Cut Off (16.3% > 5.0%))
frame_2171.jpg: SKIP (Cut Off (16.3% > 5.0%))
frame_2172.jpg: SKIP (Cut Off (16.3% > 5.0%))
frame_2173.jpg: SKIP (Cut Off (17.4% > 5.0%))
frame_2174.jpg: SKIP (Cut Off (17.4% > 5.0%))
frame_2175.jpg: SKIP (Cut Off (17.4% > 5.0%))
frame_2176.jpg: SKIP (Cut Off (17.4% > 5.0%))
frame_2177.jpg: SKIP (Cut Off (16.1% > 5.0%))
frame_2178.jpg: SKIP (Cut Off (16.1% > 5.0%))
frame_2179.jpg: SKIP (Cut Off (16.1% > 5.0%))
frame_2180.jpg: SKIP (Cut Off (16.1% > 5.0%))
frame_2181.jpg: SKIP (Cut Off (17.5% > 5.0%))
frame_2182.jpg: SKIP (Cut Off (17.5% > 5.0%))
frame_2183.jpg: SKIP (Cut Off (17.5% > 5.0%))
frame_2184.jpg: SKIP (Cut Off (17.5% > 5.0%))
frame_2185.jpg: SKIP (Cut Off (16.4% > 5.0%))
frame_2186.jpg: SKIP (Cut Off (16.4% > 5.0%))
frame_2187.jpg: SKIP (Cut Off (16.4% > 5.0%))
frame_2188.jpg: SKIP (Cut Off (16.4% > 5.0%))
frame_2189.jpg: SKIP (Cut Off (14.4% > 5.0%))
frame_2190.jpg: SKIP (Cut Off (14.4% > 5.0%))
frame_2191.jpg: SKIP (Cut Off (14.4% > 5.0%))
frame_2192.jpg: SKIP (Cut Off (14.4% > 5.0%))
frame_2193.jpg: SKIP (Cut Off (19.3% > 5.0%))
frame_2194.jpg: SKIP (Cut Off (19.3% > 5.0%))
frame_2195.jpg: SKIP (Cut Off (19.3% > 5.0%))
frame_2196.jpg: SKIP (Cut Off (19.3% > 5.0%))
frame_2197.jpg: SKIP (Cut Off (14.3% > 5.0%))
frame_2198.jpg: SKIP (Cut Off (14.3% > 5.0%))
frame_2199.jpg: SKIP (Cut Off (14.3% > 5.0%))
frame_2200.jpg: SKIP (Cut Off (14.3% > 5.0%))
frame_2201.jpg: SKIP (Cut Off (26.1% > 5.0%))
frame_2202.jpg: SKIP (Cut Off (26.1% > 5.0%))
frame_2203.jpg: SKIP (Cut Off (26.1% > 5.0%))
frame_2204.jpg: SKIP (Cut Off (26.1% > 5.0%))
frame_2205.jpg: SKIP (Cut Off (20.3% > 5.0%))
frame_2206.jpg: SKIP (Cut Off (20.3% > 5.0%))
frame_2207.jpg: SKIP (Cut Off (20.3% > 5.0%))
frame_2208.jpg: SKIP (Cut Off (20.3% > 5.0%))
frame_2209.jpg: SKIP (Cut Off (20.4% > 5.0%))
frame_2210.jpg: SKIP (Cut Off (20.4% > 5.0%))
frame_2211.jpg: SKIP (Cut Off (20.4% > 5.0%))
frame_2212.jpg: SKIP (Cut Off (20.4% > 5.0%))
frame_2213.jpg: SKIP (Cut Off (10.5% > 5.0%))
frame_2214.jpg: SKIP (Cut Off (10.5% > 5.0%))
frame_2215.jpg: SKIP (Cut Off (10.5% > 5.0%))
frame_2216.jpg: SKIP (Cut Off (10.5% > 5.0%))
frame_2217.jpg: SKIP (Cut Off (11.9% > 5.0%))
frame_2218.jpg: SKIP (Cut Off (11.9% > 5.0%))
frame_2219.jpg: SKIP (Cut Off (11.9% > 5.0%))
frame_2220.jpg: SKIP (Cut Off (11.9% > 5.0%))
frame_2221.jpg: SKIP (Cut Off (5.8% > 5.0%))
frame_2222.jpg: SKIP (Cut Off (5.8% > 5.0%))
frame_2223.jpg: SKIP (Cut Off (5.8% > 5.0%))
frame_2224.jpg: SKIP (Cut Off (5.8% > 5.0%))
frame_2225.jpg: FAILED (Not enough lines)
frame_2226.jpg: FAILED (Not enough lines)
frame_2227.jpg: FAILED (Not enough lines)
frame_2228.jpg: FAILED (Not enough lines)
frame_2229.jpg: FAILED (Not enough lines)
frame_2230.jpg: FAILED (Not enough lines)
frame_2231.jpg: FAILED (Not enough lines)
frame_2232.jpg: FAILED (Not enough lines)
frame_2233.jpg: FAILED (Not enough lines)
frame_2234.jpg: FAILED (Not enough lines)
frame_2235.jpg: FAILED (Not enough lines)
frame_2236.jpg: FAILED (Not enough lines)
frame_2237.jpg: FAILED (Not enough lines)
frame_2238.jpg: FAILED (Not enough lines)
frame_2239.jpg: FAILED (Not enough lines)
frame_2240.jpg: FAILED (Not enough lines)
frame_2248.jpg: SKIP (Timeout: safety_margin_pre_refine)
frame_2250.jpg: SKIP (Timeout: ransac_inner)
frame_2252.jpg: SKIP (Timeout: safety_margin_pre_refine)
frame_2263.jpg: SKIP (Timeout: safety_margin_pre_refine)
frame_2267.jpg: SKIP (Timeout: safety_margin_pre_refine)
frame_2269.jpg: SKIP (Timeout: ransac_inner)
frame_2288.jpg: SKIP (Timeout: safety_margin_pre_refine)
frame_2294.jpg: SKIP (Timeout: ransac_inner)
frame_2298.jpg: SKIP (Timeout: safety_margin_pre_refine)
frame_2301.jpg: SKIP (Timeout: safety_margin_pre_refine)
frame_2303.jpg: SKIP (Timeout: ransac_inner)
frame_2308.jpg: SKIP (Timeout: safety_margin_pre_refine)
frame_2310.jpg: SKIP (Timeout: ransac_inner)
frame_2322.jpg: SKIP (Timeout: safety_margin_pre_refine)
frame_2324.jpg: SKIP (Timeout: safety_margin_pre_refine)
frame_2326.jpg: SKIP (Timeout: ransac_inner)
frame_2327.jpg: SKIP (Timeout: ransac_inner)
frame_2328.jpg: FAILED (Not enough lines)
frame_2329.jpg: FAILED (Not enough lines)
frame_2330.jpg: FAILED (Not enough lines)
frame_2331.jpg: FAILED (Not enough lines)
frame_2332.jpg: FAILED (Not enough lines)
frame_2333.jpg: FAILED (Not enough lines)
frame_2334.jpg: FAILED (Not enough lines)
frame_2335.jpg: FAILED (Not enough lines)
frame_2336.jpg: FAILED (Not enough lines)
frame_2337.jpg: FAILED (Not enough lines)
frame_2338.jpg: FAILED (Not enough lines)
frame_2339.jpg: FAILED (Not enough lines)
frame_2340.jpg: FAILED (Not enough lines)
frame_2341.jpg: FAILED (Not enough lines)
frame_2342.jpg: FAILED (Not enough lines)
frame_2343.jpg: FAILED (Not enough lines)
frame_2344.jpg: FAILED (Not enough lines)
frame_2345.jpg: FAILED (Not enough lines)
frame_2346.jpg: FAILED (Not enough lines)
frame_2347.jpg: FAILED (Not enough lines)
frame_2348.jpg: FAILED (Not enough lines)
frame_2349.jpg: FAILED (Not enough lines)
frame_2350.jpg: FAILED (Not enough lines)
frame_2351.jpg: FAILED (Not enough lines)
frame_2352.jpg: FAILED (Not enough lines)
frame_2353.jpg: FAILED (Not enough lines)
frame_2354.jpg: FAILED (Not enough lines)
frame_2355.jpg: FAILED (Not enough lines)
frame_2356.jpg: FAILED (Not enough lines)
frame_2357.jpg: FAILED (Not enough lines)
frame_2358.jpg: FAILED (Not enough lines)
frame_2359.jpg: FAILED (Not enough lines)
frame_2360.jpg: FAILED (Not enough lines)
frame_2361.jpg: FAILED (Not enough lines)
frame_2362.jpg: FAILED (Not enough lines)
frame_2363.jpg: FAILED (Not enough lines)
frame_2364.jpg: FAILED (Not enough lines)
frame_2365.jpg: FAILED (Not enough lines)
frame_2366.jpg: FAILED (Not enough lines)
frame_2367.jpg: FAILED (Not enough lines)
frame_2368.jpg: FAILED (Not enough lines)
frame_2369.jpg: FAILED (Not enough lines)
frame_2370.jpg: FAILED (Not enough lines)
frame_2371.jpg: FAILED (Not enough lines)
frame_2372.jpg: FAILED (Not enough lines)
frame_2373.jpg: FAILED (Not enough lines)
frame_2374.jpg: FAILED (Not enough lines)
frame_2375.jpg: FAILED (Not enough lines)
frame_2376.jpg: FAILED (Not enough lines)
frame_2377.jpg: FAILED (Not enough lines)
frame_2378.jpg: FAILED (Not enough lines)
frame_2379.jpg: FAILED (Not enough lines)
frame_2380.jpg: FAILED (Not enough lines)
frame_2381.jpg: FAILED (Not enough lines)
frame_2382.jpg: FAILED (Not enough lines)
frame_2383.jpg: FAILED (Not enough lines)
frame_2384.jpg: FAILED (Not enough lines)
frame_2385.jpg: SKIP (Low Score (0.20))
frame_2386.jpg: SKIP (Low Score (0.20))
frame_2387.jpg: SKIP (Low Score (0.20))
frame_2388.jpg: SKIP (Low Score (0.20))
frame_2389.jpg: SKIP (Low Score (-0.03))
frame_2390.jpg: SKIP (Low Score (-0.03))
frame_2391.jpg: SKIP (Low Score (-0.03))
frame_2392.jpg: SKIP (Low Score (-0.03))
frame_2393.jpg: SKIP (Low Score (0.14))
frame_2394.jpg: SKIP (Low Score (0.14))
frame_2395.jpg: SKIP (Low Score (0.14))
frame_2396.jpg: SKIP (Low Score (0.14))
frame_2397.jpg: SKIP (Low Score (0.18))
frame_2398.jpg: SKIP (Low Score (0.18))
frame_2399.jpg: SKIP (Low Score (0.18))
frame_2400.jpg: SKIP (Low Score (0.18))
frame_2401.jpg: FAILED (Not enough lines)
frame_2402.jpg: FAILED (Not enough lines)
frame_2403.jpg: FAILED (Not enough lines)
frame_2404.jpg: FAILED (Not enough lines)
frame_2405.jpg: SKIP (Low Score (-0.01))
frame_2406.jpg: SKIP (Low Score (-0.01))
frame_2407.jpg: SKIP (Low Score (-0.01))
frame_2408.jpg: SKIP (Low Score (-0.01))
frame_2409.jpg: SKIP (Low Score (0.11))
frame_2410.jpg: SKIP (Low Score (0.11))
frame_2411.jpg: SKIP (Low Score (0.11))
frame_2412.jpg: SKIP (Low Score (0.11))
frame_2413.jpg: SKIP (Low Score (-0.27))
frame_2414.jpg: SKIP (Low Score (-0.27))
frame_2415.jpg: SKIP (Low Score (-0.27))
frame_2416.jpg: SKIP (Low Score (-0.27))
frame_2417.jpg: SKIP (Low Score (-0.19))
frame_2418.jpg: SKIP (Low Score (-0.19))
frame_2419.jpg: SKIP (Low Score (-0.19))
frame_2420.jpg: SKIP (Low Score (-0.19))
frame_2421.jpg: SKIP (Low Score (-0.37))
frame_2422.jpg: SKIP (Low Score (-0.37))
frame_2423.jpg: SKIP (Low Score (-0.37))
frame_2424.jpg: SKIP (Low Score (-0.37))
frame_2425.jpg: SKIP (Low Score (-0.09))
frame_2426.jpg: SKIP (Low Score (-0.09))
frame_2427.jpg: SKIP (Low Score (-0.09))
frame_2428.jpg: SKIP (Low Score (-0.09))
frame_2429.jpg: SKIP (Low Score (-0.09))
frame_2430.jpg: SKIP (Low Score (-0.09))
frame_2431.jpg: SKIP (Low Score (-0.09))
frame_2432.jpg: SKIP (Low Score (-0.09))
frame_2433.jpg: SKIP (Low Score (0.13))
frame_2434.jpg: SKIP (Low Score (0.13))
frame_2435.jpg: SKIP (Low Score (0.13))
frame_2436.jpg: SKIP (Low Score (0.13))
frame_2437.jpg: SKIP (Low Score (0.26))
frame_2438.jpg: SKIP (Low Score (0.26))
frame_2439.jpg: SKIP (Low Score (0.26))
frame_2440.jpg: SKIP (Low Score (0.26))
frame_2441.jpg: SKIP (Low Score (-0.16))
frame_2442.jpg: SKIP (Low Score (-0.16))
frame_2443.jpg: SKIP (Low Score (-0.16))
frame_2444.jpg: SKIP (Low Score (-0.16))
frame_2445.jpg: SKIP (Low Score (0.02))
frame_2446.jpg: SKIP (Low Score (0.02))
frame_2447.jpg: SKIP (Low Score (0.02))
frame_2448.jpg: SKIP (Low Score (0.21))
frame_2449.jpg: SKIP (Low Score (0.21))
frame_2450.jpg: SKIP (Low Score (0.21))
frame_2451.jpg: SKIP (Low Score (0.21))
frame_2452.jpg: SKIP (Low Score (0.24))
frame_2453.jpg: SKIP (Low Score (0.24))
frame_2454.jpg: SKIP (Low Score (0.24))
frame_2455.jpg: SKIP (Low Score (0.24))
frame_2456.jpg: SKIP (Low Score (0.23))
frame_2457.jpg: SKIP (Low Score (0.23))
frame_2458.jpg: SKIP (Low Score (0.23))
frame_2459.jpg: SKIP (Low Score (0.23))
frame_2460.jpg: SKIP (Low Score (0.27))
frame_2461.jpg: SKIP (Low Score (0.27))
frame_2462.jpg: SKIP (Low Score (0.27))
frame_2463.jpg: SKIP (Low Score (0.27))
frame_2464.jpg: FAILED (Not enough lines)
frame_2465.jpg: FAILED (Not enough lines)
frame_2466.jpg: FAILED (Not enough lines)
frame_2467.jpg: FAILED (Not enough lines)
frame_2468.jpg: SKIP (Timeout: ransac_inner)
frame_2469.jpg: SKIP (Timeout: ransac_inner)
frame_2470.jpg: SKIP (Timeout: ransac_inner)
frame_2471.jpg: SKIP (Timeout: ransac_inner)
frame_2472.jpg: FAILED (Not enough lines)
frame_2473.jpg: FAILED (Not enough lines)
frame_2474.jpg: FAILED (Not enough lines)
frame_2475.jpg: FAILED (Not enough lines)
frame_2476.jpg: FAILED (Not enough lines)
frame_2477.jpg: FAILED (Not enough lines)
frame_2478.jpg: FAILED (Not enough lines)
frame_2479.jpg: FAILED (Not enough lines)
frame_2480.jpg: FAILED (Not enough lines)
frame_2481.jpg: FAILED (Not enough lines)
frame_2482.jpg: FAILED (Not enough lines)
frame_2483.jpg: FAILED (Not enough lines)
frame_2484.jpg: SKIP (Low Score (0.44))
frame_2485.jpg: SKIP (Low Score (0.44))
frame_2486.jpg: SKIP (Low Score (0.44))
frame_2487.jpg: SKIP (Low Score (0.44))
frame_2488.jpg: SKIP (Low Score (0.43))
frame_2489.jpg: SKIP (Low Score (0.43))
frame_2490.jpg: SKIP (Low Score (0.43))
frame_2491.jpg: SKIP (Low Score (0.43))
frame_2492.jpg: SKIP (Low Score (-0.18))
frame_2493.jpg: SKIP (Low Score (-0.18))
frame_2494.jpg: SKIP (Low Score (-0.18))
frame_2495.jpg: SKIP (Low Score (-0.18))
frame_2496.jpg: SKIP (Low Score (-0.18))
frame_2497.jpg: SKIP (Low Score (0.30))
frame_2498.jpg: SKIP (Low Score (0.30))
frame_2499.jpg: SKIP (Low Score (0.30))
frame_2500.jpg: SKIP (Low Score (0.30))
frame_2501.jpg: FAILED (Not enough lines)
frame_2502.jpg: FAILED (Not enough lines)
frame_2503.jpg: FAILED (Not enough lines)
frame_2504.jpg: FAILED (Not enough lines)
frame_2505.jpg: FAILED (Not enough lines)
frame_2506.jpg: FAILED (Not enough lines)
frame_2507.jpg: FAILED (Not enough lines)
frame_2508.jpg: FAILED (Not enough lines)
frame_2509.jpg: FAILED (Not enough lines)
frame_2510.jpg: FAILED (Not enough lines)
frame_2511.jpg: FAILED (Not enough lines)
frame_2512.jpg: FAILED (Not enough lines)
frame_2513.jpg: FAILED (Not enough lines)
frame_2514.jpg: FAILED (Not enough lines)
frame_2515.jpg: FAILED (Not enough lines)
frame_2516.jpg: FAILED (Not enough lines)
frame_2517.jpg: FAILED (Not enough lines)
frame_2518.jpg: FAILED (Not enough lines)
frame_2519.jpg: FAILED (Not enough lines)
frame_2520.jpg: FAILED (Not enough lines)
frame_2521.jpg: FAILED (Not enough lines)
frame_2522.jpg: FAILED (Not enough lines)
frame_2523.jpg: FAILED (Not enough lines)
frame_2524.jpg: FAILED (Not enough lines)
frame_2525.jpg: FAILED (Not enough lines)
frame_2526.jpg: FAILED (Not enough lines)
frame_2527.jpg: FAILED (Not enough lines)
frame_2528.jpg: FAILED (Not enough lines)
frame_2529.jpg: FAILED (Not enough lines)
frame_2530.jpg: FAILED (Not enough lines)
frame_2531.jpg: FAILED (Not enough lines)
frame_2532.jpg: FAILED (Not enough lines)
frame_2533.jpg: FAILED (Not enough lines)
frame_2534.jpg: FAILED (Not enough lines)
frame_2535.jpg: FAILED (Not enough lines)
frame_2536.jpg: FAILED (Not enough lines)
frame_2537.jpg: FAILED (Not enough lines)
frame_2538.jpg: FAILED (Not enough lines)
frame_2539.jpg: FAILED (Not enough lines)
frame_2540.jpg: FAILED (Not enough lines)
frame_2541.jpg: SKIP (Timeout: ransac_inner)
frame_2542.jpg: SKIP (Timeout: ransac_inner)
frame_2543.jpg: SKIP (Timeout: ransac_inner)
frame_2544.jpg: SKIP (Timeout: ransac_inner)
frame_2545.jpg: SKIP (Timeout: ransac_inner)
frame_2546.jpg: SKIP (Timeout: ransac_inner)
frame_2547.jpg: SKIP (Timeout: ransac_inner)
frame_2548.jpg: SKIP (Timeout: ransac_inner)
frame_2549.jpg: SKIP (Timeout: ransac_inner)
frame_2550.jpg: SKIP (Timeout: ransac_inner)
frame_2551.jpg: SKIP (Timeout: ransac_inner)
frame_2553.jpg: FAILED (Not enough lines)
frame_2554.jpg: FAILED (Not enough lines)
frame_2555.jpg: FAILED (Not enough lines)
frame_2556.jpg: FAILED (Not enough lines)
frame_2557.jpg: FAILED (Not enough lines)
frame_2558.jpg: FAILED (Not enough lines)
frame_2559.jpg: FAILED (Not enough lines)
frame_2560.jpg: FAILED (Not enough lines)
frame_2561.jpg: SKIP (Timeout: safety_margin_pre_refine)
frame_2563.jpg: SKIP (Timeout: ransac_inner)
frame_2565.jpg: FAILED (Not enough lines)
frame_2566.jpg: FAILED (Not enough lines)
frame_2567.jpg: FAILED (Not enough lines)
frame_2568.jpg: FAILED (Not enough lines)
frame_2569.jpg: SKIP (Timeout: ransac_inner)
frame_2570.jpg: SKIP (Timeout: ransac_inner)
frame_2571.jpg: SKIP (Timeout: ransac_inner)
frame_2572.jpg: SKIP (Timeout: ransac_inner)
frame_2573.jpg: FAILED (Not enough lines)
frame_2574.jpg: FAILED (Not enough lines)
frame_2575.jpg: FAILED (Not enough lines)
frame_2576.jpg: FAILED (Not enough lines)
frame_2579.jpg: SKIP (Timeout: safety_margin_pre_refine)
frame_2592.jpg: SKIP (Timeout: safety_margin_pre_refine)
frame_2605.jpg: SKIP (Cut Off (5.5% > 5.0%))
frame_2606.jpg: SKIP (Cut Off (5.5% > 5.0%))
frame_2607.jpg: SKIP (Cut Off (5.5% > 5.0%))
frame_2608.jpg: SKIP (Cut Off (5.5% > 5.0%))
frame_2609.jpg: SKIP (Cut Off (5.2% > 5.0%))
frame_2610.jpg: SKIP (Cut Off (5.2% > 5.0%))
frame_2611.jpg: SKIP (Cut Off (5.2% > 5.0%))
frame_2612.jpg: SKIP (Cut Off (5.2% > 5.0%))
frame_2616.jpg: SKIP (Timeout: ransac_inner)
frame_2620.jpg: SKIP (Timeout: ransac_inner)
frame_2644.jpg: SKIP (Timeout: safety_margin_pre_refine)
frame_2654.jpg: SKIP (Timeout: safety_margin_pre_refine)
frame_2657.jpg: FAILED (Not enough lines)
frame_2658.jpg: FAILED (Not enough lines)
frame_2659.jpg: FAILED (Not enough lines)
frame_2660.jpg: FAILED (Not enough lines)
frame_2679.jpg: SKIP (Timeout: safety_margin_pre_refine)
frame_2690.jpg: SKIP (Timeout: safety_margin_pre_refine)
frame_2692.jpg: SKIP (Timeout: ransac_inner)
frame_2694.jpg: SKIP (Timeout: ransac_inner)
frame_2695.jpg: SKIP (Timeout: safety_margin_pre_refine)
frame_2697.jpg: SKIP (Timeout: safety_margin_pre_refine)
frame_2698.jpg: SKIP (Timeout: safety_margin_pre_refine)
frame_2702.jpg: SKIP (Timeout: safety_margin_pre_refine)
frame_2703.jpg: SKIP (Timeout: safety_margin_pre_refine)
frame_2706.jpg: SKIP (Timeout: safety_margin_pre_refine)
frame_2714.jpg: SKIP (Timeout: ransac_inner)
frame_2730.jpg: SKIP (Timeout: safety_margin_pre_refine)
frame_2741.jpg: SKIP (Timeout: ransac_inner)
frame_2758.jpg: SKIP (Timeout: safety_margin_pre_refine)
frame_2760.jpg: SKIP (Timeout: ransac_inner)
frame_2761.jpg: SKIP (Timeout: ransac_inner)
frame_2762.jpg: SKIP (Timeout: ransac_inner)
frame_2763.jpg: SKIP (Timeout: ransac_inner)
frame_2771.jpg: SKIP (Timeout: safety_margin_pre_refine)
frame_2774.jpg: SKIP (Timeout: safety_margin_pre_refine)
frame_2787.jpg: SKIP (Timeout: safety_margin_pre_refine)
frame_2796.jpg: SKIP (Timeout: ransac_inner)
frame_2797.jpg: SKIP (Timeout: safety_margin_pre_refine)
frame_2805.jpg: SKIP (Timeout: safety_margin_pre_refine)
frame_2806.jpg: SKIP (Timeout: ransac_inner)
frame_2808.jpg: SKIP (Timeout: safety_margin_pre_refine)
frame_2810.jpg: SKIP (Timeout: safety_margin_pre_refine)
frame_2814.jpg: SKIP (Timeout: ransac_inner)
frame_2816.jpg: SKIP (Timeout: safety_margin_pre_refine)
frame_2821.jpg: SKIP (Timeout: ransac_inner)
frame_2832.jpg: SKIP (Timeout: ransac_inner)
frame_2833.jpg: SKIP (Timeout: ransac_inner)
frame_2834.jpg: SKIP (Timeout: safety_margin_pre_refine)
frame_2837.jpg: SKIP (Timeout: ransac_inner)
frame_2840.jpg: SKIP (Timeout: ransac_inner)
frame_2841.jpg: SKIP (Timeout: safety_margin_pre_refine)
frame_2845.jpg: SKIP (Timeout: safety_margin_pre_refine)
frame_2847.jpg: SKIP (Timeout: safety_margin_pre_refine)
frame_2850.jpg: SKIP (Timeout: safety_margin_pre_refine)
frame_2853.jpg: SKIP (Timeout: safety_margin_pre_refine)
frame_2859.jpg: SKIP (Timeout: safety_margin_pre_refine)
frame_2860.jpg: SKIP (Timeout: safety_margin_pre_refine)
frame_2861.jpg: SKIP (Timeout: ransac_inner)
frame_2863.jpg: SKIP (Timeout: ransac_inner)
frame_2875.jpg: SKIP (Timeout: ransac_inner)
frame_2882.jpg: SKIP (Timeout: safety_margin_pre_refine)
frame_2891.jpg: SKIP (Timeout: safety_margin_pre_refine)
frame_2898.jpg: SKIP (Timeout: safety_margin_pre_refine)
frame_2904.jpg: SKIP (Timeout: safety_margin_pre_refine)
frame_2906.jpg: SKIP (Timeout: safety_margin_pre_refine)
frame_2908.jpg: SKIP (Timeout: safety_margin_pre_refine)
frame_2911.jpg: SKIP (Timeout: ransac_inner)
frame_2912.jpg: SKIP (Timeout: safety_margin_pre_refine)
frame_2919.jpg: SKIP (Timeout: ransac_inner)
frame_2921.jpg: SKIP (Timeout: safety_margin_pre_refine)
frame_2922.jpg: SKIP (Timeout: safety_margin_pre_refine)
frame_2929.jpg: SKIP (Timeout: safety_margin_pre_refine)
frame_2931.jpg: SKIP (Timeout: ransac_inner)
frame_2932.jpg: SKIP (Timeout: safety_margin_pre_refine)
frame_2933.jpg: SKIP (Timeout: safety_margin_pre_refine)
frame_2935.jpg: SKIP (Timeout: ransac_inner)
frame_2937.jpg: SKIP (Timeout: safety_margin_pre_refine)
frame_2954.jpg: SKIP (Timeout: safety_margin_pre_refine)
frame_2957.jpg: SKIP (Timeout: ransac_inner)
frame_2958.jpg: SKIP (Timeout: ransac_inner)
frame_2959.jpg: SKIP (Timeout: safety_margin_pre_refine)
frame_2968.jpg: SKIP (Timeout: ransac_inner)
frame_2976.jpg: SKIP (Timeout: safety_margin_pre_refine)
frame_2978.jpg: SKIP (Timeout: safety_margin_pre_refine)
frame_2993.jpg: SKIP (Timeout: ransac_inner)
frame_2994.jpg: SKIP (Timeout: safety_margin_pre_refine)
frame_3003.jpg: SKIP (Timeout: safety_margin_pre_refine)
frame_3009.jpg: SKIP (Timeout: ransac_inner)
frame_3010.jpg: SKIP (Timeout: safety_margin_pre_refine)
frame_3014.jpg: SKIP (Timeout: safety_margin_pre_refine)
frame_3023.jpg: SKIP (Timeout: safety_margin_pre_refine)
frame_3032.jpg: SKIP (Timeout: ransac_inner)
frame_3037.jpg: SKIP (Timeout: safety_margin_pre_refine)
frame_3041.jpg: SKIP (Timeout: safety_margin_pre_refine)
frame_3047.jpg: SKIP (Timeout: ransac_inner)
frame_3051.jpg: SKIP (Timeout: safety_margin_pre_refine)
frame_3052.jpg: SKIP (Timeout: safety_margin_pre_refine)
frame_3055.jpg: SKIP (Timeout: safety_margin_pre_refine)
frame_3069.jpg: SKIP (Timeout: safety_margin_pre_refine)
frame_3073.jpg: SKIP (Timeout: safety_margin_pre_refine)
frame_3079.jpg: SKIP (Timeout: ransac_inner)
frame_3088.jpg: SKIP (Timeout: ransac_inner)
frame_3094.jpg: SKIP (Timeout: safety_margin_pre_refine)
frame_3100.jpg: SKIP (Timeout: ransac_inner)
frame_3103.jpg: SKIP (Timeout: safety_margin_pre_refine)
frame_3105.jpg: SKIP (Timeout: safety_margin_pre_refine)
frame_3110.jpg: SKIP (Timeout: safety_margin_pre_refine)
frame_3123.jpg: SKIP (Timeout: ransac_inner)
frame_3126.jpg: SKIP (Timeout: ransac_inner)
frame_3127.jpg: SKIP (Timeout: safety_margin_pre_refine)
frame_3129.jpg: SKIP (Timeout: ransac_inner)
frame_3135.jpg: SKIP (Timeout: safety_margin_pre_refine)
frame_3143.jpg: SKIP (Timeout: ransac_inner)
frame_3146.jpg: SKIP (Timeout: ransac_inner)
frame_3153.jpg: SKIP (Timeout: ransac_inner)
frame_3156.jpg: SKIP (Timeout: safety_margin_pre_refine)
frame_3158.jpg: SKIP (Timeout: safety_margin_pre_refine)
frame_3159.jpg: SKIP (Timeout: ransac_inner)
frame_3163.jpg: SKIP (Timeout: ransac_inner)
frame_3164.jpg: SKIP (Timeout: ransac_inner)
frame_3175.jpg: SKIP (Timeout: safety_margin_pre_refine)
frame_3178.jpg: SKIP (Timeout: safety_margin_pre_refine)
frame_3180.jpg: SKIP (Timeout: ransac_inner)
frame_3185.jpg: SKIP (Timeout: safety_margin_pre_refine)
frame_3192.jpg: SKIP (Timeout: safety_margin_pre_refine)
frame_3193.jpg: SKIP (Timeout: safety_margin_pre_refine)
frame_3196.jpg: SKIP (Timeout: safety_margin_pre_refine)
frame_3199.jpg: SKIP (Timeout: ransac_inner)
frame_3203.jpg: SKIP (Timeout: ransac_inner)
frame_3204.jpg: SKIP (Timeout: ransac_inner)
frame_3216.jpg: SKIP (Timeout: ransac_inner)
frame_3217.jpg: SKIP (Timeout: safety_margin_pre_refine)
frame_3219.jpg: SKIP (Timeout: ransac_inner)
frame_3223.jpg: SKIP (Timeout: ransac_inner)
frame_3224.jpg: SKIP (Timeout: ransac_inner)
frame_3225.jpg: SKIP (Timeout: ransac_inner)
frame_3226.jpg: SKIP (Timeout: ransac_inner)
frame_3227.jpg: SKIP (Timeout: safety_margin_pre_refine)
frame_3228.jpg: SKIP (Timeout: ransac_inner)
frame_3229.jpg: SKIP (Timeout: ransac_inner)
frame_3231.jpg: SKIP (Timeout: ransac_inner)
frame_3232.jpg: SKIP (Timeout: ransac_inner)
frame_3234.jpg: SKIP (Timeout: ransac_inner)
frame_3235.jpg: SKIP (Timeout: ransac_inner)
frame_3236.jpg: SKIP (Timeout: ransac_inner)
frame_3237.jpg: SKIP (Timeout: ransac_inner)
frame_3238.jpg: SKIP (Timeout: ransac_inner)
frame_3239.jpg: SKIP (Timeout: ransac_inner)
frame_3240.jpg: SKIP (Timeout: ransac_inner)
frame_3241.jpg: SKIP (Timeout: ransac_inner)
frame_3242.jpg: SKIP (Timeout: ransac_inner)
frame_3243.jpg: SKIP (Timeout: ransac_inner)
frame_3244.jpg: SKIP (Timeout: ransac_inner)
frame_3245.jpg: SKIP (Timeout: ransac_inner)
frame_3246.jpg: SKIP (Timeout: ransac_inner)
frame_3247.jpg: SKIP (Timeout: ransac_inner)
frame_3248.jpg: SKIP (Timeout: ransac_inner)
frame_3249.jpg: SKIP (Timeout: ransac_inner)
frame_3250.jpg: SKIP (Timeout: ransac_inner)
frame_3251.jpg: SKIP (Timeout: ransac_inner)
frame_3252.jpg: SKIP (Timeout: ransac_inner)
frame_3253.jpg: SKIP (Timeout: ransac_inner)
frame_3254.jpg: SKIP (Timeout: ransac_inner)
frame_3255.jpg: SKIP (Timeout: ransac_inner)
frame_3256.jpg: SKIP (Timeout: ransac_inner)
frame_3257.jpg: SKIP (Timeout: ransac_inner)
frame_3258.jpg: SKIP (Timeout: ransac_inner)
frame_3259.jpg: SKIP (Timeout: ransac_inner)
frame_3260.jpg: SKIP (Timeout: ransac_inner)
frame_3261.jpg: SKIP (Timeout: ransac_inner)
frame_3262.jpg: SKIP (Timeout: ransac_inner)
frame_3263.jpg: SKIP (Timeout: ransac_inner)
frame_3264.jpg: SKIP (Timeout: ransac_inner)
frame_3265.jpg: SKIP (Timeout: ransac_inner)
frame_3266.jpg: SKIP (Timeout: ransac_inner)
frame_3267.jpg: SKIP (Timeout: ransac_inner)
frame_3268.jpg: SKIP (Timeout: ransac_inner)
frame_3269.jpg: SKIP (Timeout: ransac_inner)
frame_3270.jpg: SKIP (Timeout: ransac_inner)
frame_3271.jpg: SKIP (Timeout: ransac_inner)
frame_3272.jpg: SKIP (Timeout: ransac_inner)
frame_3273.jpg: SKIP (Timeout: ransac_inner)
frame_3274.jpg: SKIP (Timeout: ransac_inner)
frame_3275.jpg: SKIP (Timeout: ransac_inner)
frame_3276.jpg: SKIP (Timeout: ransac_inner)
frame_3277.jpg: SKIP (Timeout: ransac_inner)
frame_3278.jpg: SKIP (Timeout: ransac_inner)
frame_3279.jpg: SKIP (Timeout: ransac_inner)
frame_3280.jpg: SKIP (Timeout: ransac_inner)
frame_3281.jpg: SKIP (Timeout: ransac_inner)
frame_3282.jpg: SKIP (Timeout: ransac_inner)
frame_3283.jpg: SKIP (Timeout: ransac_inner)
frame_3284.jpg: SKIP (Timeout: ransac_inner)
frame_3285.jpg: SKIP (Timeout: ransac_inner)
frame_3286.jpg: SKIP (Timeout: ransac_inner)
frame_3287.jpg: SKIP (Timeout: ransac_inner)
frame_3288.jpg: SKIP (Timeout: ransac_inner)
frame_3289.jpg: SKIP (Timeout: ransac_inner)
frame_3290.jpg: SKIP (Timeout: ransac_inner)
frame_3291.jpg: SKIP (Timeout: ransac_inner)
frame_3292.jpg: SKIP (Timeout: ransac_inner)
frame_3293.jpg: SKIP (Timeout: ransac_inner)
frame_3294.jpg: SKIP (Timeout: ransac_inner)
frame_3295.jpg: SKIP (Timeout: ransac_inner)
frame_3296.jpg: SKIP (Timeout: ransac_inner)
frame_3297.jpg: SKIP (Timeout: ransac_inner)
frame_3298.jpg: SKIP (Timeout: ransac_inner)
frame_3299.jpg: SKIP (Timeout: ransac_inner)
frame_3300.jpg: SKIP (Timeout: ransac_inner)
frame_3301.jpg: SKIP (Timeout: ransac_inner)
frame_3302.jpg: SKIP (Timeout: ransac_inner)
frame_3303.jpg: SKIP (Timeout: ransac_inner)
frame_3304.jpg: SKIP (Timeout: ransac_inner)
frame_3305.jpg: SKIP (Timeout: ransac_inner)
frame_3306.jpg: SKIP (Timeout: ransac_inner)
frame_3307.jpg: SKIP (Timeout: ransac_inner)
frame_3308.jpg: SKIP (Timeout: ransac_inner)
frame_3309.jpg: SKIP (Timeout: ransac_inner)
frame_3310.jpg: SKIP (Timeout: ransac_inner)
frame_3312.jpg: SKIP (Timeout: ransac_inner)
frame_3313.jpg: SKIP (Timeout: ransac_inner)
frame_3314.jpg: SKIP (Timeout: ransac_inner)
frame_3315.jpg: SKIP (Timeout: ransac_inner)
frame_3316.jpg: SKIP (Timeout: ransac_inner)
frame_3317.jpg: SKIP (Timeout: ransac_inner)
frame_3318.jpg: SKIP (Timeout: ransac_inner)
frame_3319.jpg: SKIP (Timeout: ransac_inner)
frame_3320.jpg: SKIP (Timeout: ransac_inner)
frame_3321.jpg: SKIP (Timeout: ransac_inner)
frame_3322.jpg: SKIP (Timeout: ransac_inner)
frame_3323.jpg: SKIP (Timeout: ransac_inner)
frame_3324.jpg: SKIP (Timeout: ransac_inner)
frame_3325.jpg: SKIP (Timeout: ransac_inner)
frame_3326.jpg: SKIP (Timeout: ransac_inner)
frame_3327.jpg: SKIP (Timeout: ransac_inner)
frame_3328.jpg: SKIP (Timeout: ransac_inner)
frame_3329.jpg: SKIP (Timeout: ransac_inner)
frame_3330.jpg: SKIP (Timeout: ransac_inner)
frame_3331.jpg: SKIP (Timeout: ransac_inner)
frame_3332.jpg: SKIP (Timeout: ransac_inner)
frame_3333.jpg: SKIP (Timeout: ransac_inner)
frame_3334.jpg: SKIP (Timeout: ransac_inner)
frame_3335.jpg: SKIP (Timeout: ransac_inner)
frame_3336.jpg: SKIP (Timeout: ransac_inner)
frame_3337.jpg: SKIP (Timeout: ransac_inner)
frame_3338.jpg: SKIP (Timeout: ransac_inner)
frame_3339.jpg: SKIP (Timeout: ransac_inner)
frame_3340.jpg: SKIP (Timeout: ransac_inner)
frame_3341.jpg: SKIP (Timeout: ransac_inner)
frame_3342.jpg: SKIP (Timeout: ransac_inner)
frame_3343.jpg: SKIP (Timeout: ransac_inner)
frame_3344.jpg: SKIP (Timeout: ransac_inner)
frame_3345.jpg: SKIP (Timeout: ransac_inner)
frame_3346.jpg: SKIP (Timeout: ransac_inner)
frame_3347.jpg: SKIP (Timeout: ransac_inner)
frame_3348.jpg: SKIP (Timeout: ransac_inner)
frame_3349.jpg: SKIP (Timeout: ransac_inner)
frame_3350.jpg: SKIP (Timeout: ransac_inner)
frame_3351.jpg: SKIP (Timeout: ransac_inner)
frame_3352.jpg: SKIP (Timeout: ransac_inner)
frame_3353.jpg: SKIP (Timeout: ransac_inner)
frame_3354.jpg: SKIP (Timeout: ransac_inner)
frame_3355.jpg: SKIP (Timeout: ransac_inner)
frame_3356.jpg: SKIP (Timeout: ransac_inner)
frame_3357.jpg: SKIP (Timeout: ransac_inner)
frame_3358.jpg: SKIP (Timeout: ransac_inner)
frame_3359.jpg: SKIP (Timeout: ransac_inner)
frame_3360.jpg: SKIP (Timeout: ransac_inner)
frame_3361.jpg: SKIP (Timeout: ransac_inner)
frame_3362.jpg: SKIP (Timeout: ransac_inner)
frame_3363.jpg: SKIP (Timeout: ransac_inner)
frame_3364.jpg: SKIP (Timeout: ransac_inner)
frame_3365.jpg: SKIP (Timeout: ransac_inner)
frame_3366.jpg: SKIP (Timeout: ransac_inner)
frame_3367.jpg: SKIP (Timeout: ransac_inner)
frame_3368.jpg: SKIP (Timeout: ransac_inner)
frame_3369.jpg: SKIP (Timeout: ransac_inner)
frame_3370.jpg: SKIP (Timeout: ransac_inner)
frame_3371.jpg: SKIP (Timeout: ransac_inner)
frame_3372.jpg: SKIP (Timeout: ransac_inner)
frame_3373.jpg: SKIP (Timeout: ransac_inner)
frame_3374.jpg: SKIP (Timeout: ransac_inner)
frame_3375.jpg: SKIP (Timeout: ransac_inner)
frame_3376.jpg: SKIP (Timeout: ransac_inner)
frame_3377.jpg: SKIP (Timeout: ransac_inner)
frame_3378.jpg: SKIP (Timeout: ransac_inner)
frame_3379.jpg: SKIP (Timeout: ransac_inner)
frame_3380.jpg: SKIP (Timeout: ransac_inner)
frame_3381.jpg: SKIP (Timeout: ransac_inner)
frame_3382.jpg: SKIP (Timeout: ransac_inner)
frame_3385.jpg: SKIP (Timeout: safety_margin_pre_refine)
frame_3391.jpg: SKIP (Timeout: ransac_inner)
frame_3393.jpg: SKIP (Timeout: safety_margin_pre_refine)
frame_3395.jpg: SKIP (Timeout: ransac_inner)
frame_3397.jpg: SKIP (Timeout: safety_margin_pre_refine)
frame_3399.jpg: SKIP (Timeout: ransac_inner)
frame_3400.jpg: SKIP (Timeout: safety_margin_pre_refine)
frame_3403.jpg: SKIP (Timeout: safety_margin_pre_refine)
frame_3404.jpg: SKIP (Timeout: safety_margin_pre_refine)
frame_3410.jpg: SKIP (Timeout: ransac_inner)
frame_3412.jpg: SKIP (Timeout: ransac_inner)
frame_3426.jpg: SKIP (Timeout: ransac_inner)
frame_3429.jpg: SKIP (Timeout: ransac_inner)
frame_3430.jpg: SKIP (Timeout: ransac_inner)
frame_3434.jpg: SKIP (Timeout: safety_margin_pre_refine)
frame_3436.jpg: SKIP (Timeout: ransac_inner)
frame_3437.jpg: SKIP (Timeout: safety_margin_pre_refine)
frame_3440.jpg: SKIP (Timeout: ransac_inner)
frame_3442.jpg: SKIP (Timeout: ransac_inner)
frame_3447.jpg: SKIP (Timeout: safety_margin_pre_refine)
frame_3456.jpg: SKIP (Timeout: safety_margin_pre_refine)
frame_3457.jpg: SKIP (Timeout: safety_margin_pre_refine)
frame_3459.jpg: SKIP (Timeout: ransac_inner)
frame_3463.jpg: SKIP (Timeout: safety_margin_pre_refine)
frame_3464.jpg: SKIP (Timeout: safety_margin_pre_refine)
frame_3465.jpg: SKIP (Timeout: ransac_inner)
frame_3466.jpg: SKIP (Timeout: safety_margin_pre_refine)
frame_3468.jpg: SKIP (Timeout: ransac_inner)
frame_3471.jpg: SKIP (Timeout: ransac_inner)
frame_3474.jpg: SKIP (Timeout: ransac_inner)
frame_3478.jpg: SKIP (Timeout: safety_margin_pre_refine)
frame_3482.jpg: SKIP (Timeout: safety_margin_pre_refine)
frame_3483.jpg: SKIP (Timeout: safety_margin_pre_refine)
frame_3488.jpg: SKIP (Timeout: safety_margin_pre_refine)
frame_3492.jpg: SKIP (Timeout: safety_margin_pre_refine)
frame_3501.jpg: SKIP (Timeout: safety_margin_pre_refine)
frame_3510.jpg: SKIP (Timeout: ransac_inner)
frame_3511.jpg: SKIP (Timeout: safety_margin_pre_refine)
frame_3515.jpg: SKIP (Timeout: safety_margin_pre_refine)
frame_3516.jpg: SKIP (Timeout: safety_margin_pre_refine)
frame_3522.jpg: SKIP (Timeout: ransac_inner)
frame_3523.jpg: SKIP (Timeout: safety_margin_pre_refine)
frame_3526.jpg: SKIP (Timeout: ransac_inner)
frame_3529.jpg: SKIP (Timeout: safety_margin_pre_refine)
frame_3532.jpg: SKIP (Timeout: safety_margin_pre_refine)
frame_3539.jpg: SKIP (Timeout: ransac_inner)
frame_3540.jpg: SKIP (Timeout: safety_margin_pre_refine)
frame_3544.jpg: SKIP (Timeout: safety_margin_pre_refine)
frame_3550.jpg: SKIP (Timeout: ransac_inner)
frame_3555.jpg: SKIP (Timeout: ransac_inner)
frame_3556.jpg: SKIP (Timeout: safety_margin_pre_refine)
frame_3557.jpg: SKIP (Timeout: ransac_inner)
frame_3558.jpg: SKIP (Timeout: ransac_inner)
frame_3559.jpg: SKIP (Timeout: ransac_inner)
frame_3560.jpg: SKIP (Timeout: ransac_inner)
frame_3561.jpg: SKIP (Timeout: ransac_inner)
frame_3562.jpg: SKIP (Timeout: ransac_inner)
frame_3563.jpg: SKIP (Timeout: ransac_inner)
frame_3564.jpg: SKIP (Timeout: ransac_inner)
frame_3565.jpg: SKIP (Timeout: ransac_inner)
frame_3566.jpg: SKIP (Timeout: ransac_inner)
frame_3567.jpg: SKIP (Timeout: ransac_inner)
frame_3568.jpg: SKIP (Timeout: ransac_inner)
frame_3569.jpg: SKIP (Timeout: ransac_inner)
frame_3570.jpg: SKIP (Timeout: ransac_inner)
frame_3571.jpg: SKIP (Timeout: ransac_inner)
frame_3572.jpg: SKIP (Timeout: ransac_inner)
frame_3573.jpg: SKIP (Timeout: ransac_inner)
frame_3574.jpg: SKIP (Timeout: ransac_inner)
frame_3575.jpg: SKIP (Timeout: ransac_inner)
frame_3576.jpg: SKIP (Timeout: ransac_inner)
frame_3577.jpg: SKIP (Timeout: ransac_inner)
frame_3578.jpg: SKIP (Timeout: ransac_inner)
frame_3581.jpg: SKIP (Timeout: ransac_inner)
frame_3587.jpg: SKIP (Timeout: ransac_inner)
frame_3591.jpg: SKIP (Timeout: safety_margin_pre_refine)
frame_3597.jpg: SKIP (Timeout: safety_margin_pre_refine)
frame_3598.jpg: SKIP (Timeout: safety_margin_pre_refine)
frame_3604.jpg: SKIP (Timeout: ransac_inner)
frame_3610.jpg: SKIP (Timeout: ransac_inner)
frame_3616.jpg: SKIP (Timeout: safety_margin_pre_refine)
frame_3621.jpg: SKIP (Timeout: ransac_inner)
frame_3625.jpg: SKIP (Timeout: ransac_inner)
frame_3628.jpg: SKIP (Timeout: safety_margin_pre_refine)
frame_3636.jpg: SKIP (Timeout: safety_margin_pre_refine)
frame_3643.jpg: SKIP (Timeout: ransac_inner)
frame_3649.jpg: SKIP (Timeout: safety_margin_pre_refine)
frame_3656.jpg: SKIP (Timeout: ransac_inner)
frame_3657.jpg: SKIP (Timeout: ransac_inner)
frame_3658.jpg: SKIP (Timeout: ransac_inner)
frame_3659.jpg: SKIP (Timeout: ransac_inner)
frame_3660.jpg: SKIP (Timeout: ransac_inner)
frame_3663.jpg: SKIP (Timeout: ransac_inner)
frame_3664.jpg: SKIP (Timeout: ransac_inner)
frame_3665.jpg: SKIP (Timeout: safety_margin_pre_refine)
frame_3666.jpg: SKIP (Timeout: ransac_inner)
frame_3667.jpg: SKIP (Timeout: ransac_inner)
frame_3668.jpg: SKIP (Timeout: ransac_inner)
frame_3669.jpg: SKIP (Timeout: ransac_inner)
frame_3670.jpg: SKIP (Timeout: ransac_inner)
frame_3672.jpg: SKIP (Timeout: ransac_inner)
frame_3673.jpg: SKIP (Timeout: ransac_inner)
frame_3674.jpg: SKIP (Timeout: ransac_inner)
frame_3675.jpg: SKIP (Timeout: ransac_inner)
frame_3676.jpg: SKIP (Timeout: ransac_inner)
frame_3677.jpg: SKIP (Timeout: ransac_inner)
frame_3679.jpg: SKIP (Timeout: ransac_inner)
frame_3680.jpg: SKIP (Timeout: ransac_inner)
frame_3681.jpg: SKIP (Timeout: ransac_inner)
frame_3682.jpg: SKIP (Timeout: ransac_inner)
frame_3684.jpg: SKIP (Timeout: ransac_inner)
frame_3685.jpg: SKIP (Timeout: ransac_inner)
frame_3686.jpg: SKIP (Timeout: ransac_inner)
frame_3687.jpg: SKIP (Timeout: ransac_inner)
frame_3688.jpg: SKIP (Timeout: ransac_inner)
frame_3689.jpg: SKIP (Timeout: ransac_inner)
frame_3690.jpg: SKIP (Timeout: ransac_inner)
frame_3691.jpg: SKIP (Timeout: safety_margin_pre_refine)
frame_3692.jpg: SKIP (Timeout: ransac_inner)
frame_3693.jpg: SKIP (Timeout: ransac_inner)
frame_3695.jpg: SKIP (Timeout: ransac_inner)
frame_3696.jpg: SKIP (Timeout: ransac_inner)
frame_3697.jpg: SKIP (Timeout: ransac_inner)
frame_3698.jpg: SKIP (Timeout: ransac_inner)
frame_3699.jpg: SKIP (Timeout: ransac_inner)
frame_3700.jpg: SKIP (Timeout: ransac_inner)
frame_3701.jpg: SKIP (Timeout: ransac_inner)
frame_3702.jpg: SKIP (Timeout: ransac_inner)
frame_3703.jpg: SKIP (Timeout: ransac_inner)
frame_3704.jpg: SKIP (Timeout: ransac_inner)
frame_3705.jpg: SKIP (Timeout: ransac_inner)
frame_3706.jpg: SKIP (Timeout: ransac_inner)
frame_3707.jpg: SKIP (Timeout: ransac_inner)
frame_3708.jpg: SKIP (Timeout: safety_margin_pre_refine)
frame_3710.jpg: SKIP (Timeout: ransac_inner)
frame_3711.jpg: SKIP (Timeout: ransac_inner)
frame_3712.jpg: SKIP (Timeout: ransac_inner)
frame_3714.jpg: SKIP (Timeout: ransac_inner)
frame_3715.jpg: SKIP (Timeout: ransac_inner)
frame_3716.jpg: SKIP (Timeout: ransac_inner)
frame_3717.jpg: SKIP (Timeout: ransac_inner)
frame_3718.jpg: SKIP (Timeout: ransac_inner)
frame_3719.jpg: SKIP (Timeout: ransac_inner)
frame_3720.jpg: SKIP (Timeout: ransac_inner)
frame_3721.jpg: SKIP (Timeout: ransac_inner)
frame_3722.jpg: SKIP (Timeout: ransac_inner)
frame_3723.jpg: SKIP (Timeout: ransac_inner)
frame_3725.jpg: SKIP (Timeout: ransac_inner)
frame_3726.jpg: SKIP (Timeout: ransac_inner)
frame_3728.jpg: SKIP (Timeout: ransac_inner)
frame_3729.jpg: SKIP (Timeout: ransac_inner)
frame_3730.jpg: SKIP (Timeout: ransac_inner)
frame_3731.jpg: SKIP (Timeout: ransac_inner)
frame_3732.jpg: SKIP (Timeout: ransac_inner)
frame_3733.jpg: SKIP (Timeout: ransac_inner)
frame_3734.jpg: SKIP (Timeout: ransac_inner)
frame_3735.jpg: SKIP (Timeout: ransac_inner)
frame_3736.jpg: SKIP (Timeout: ransac_inner)
frame_3737.jpg: SKIP (Timeout: ransac_inner)
frame_3738.jpg: SKIP (Timeout: ransac_inner)
frame_3739.jpg: SKIP (Timeout: ransac_inner)
frame_3740.jpg: SKIP (Timeout: ransac_inner)
frame_3741.jpg: SKIP (Timeout: ransac_inner)
frame_3742.jpg: SKIP (Timeout: ransac_inner)
frame_3743.jpg: SKIP (Timeout: ransac_inner)
frame_3745.jpg: SKIP (Timeout: ransac_inner)
frame_3746.jpg: SKIP (Timeout: ransac_inner)
frame_3747.jpg: SKIP (Timeout: ransac_inner)
frame_3748.jpg: SKIP (Timeout: ransac_inner)
frame_3749.jpg: SKIP (Timeout: safety_margin_pre_refine)
frame_3750.jpg: SKIP (Timeout: ransac_inner)
frame_3751.jpg: SKIP (Timeout: ransac_inner)
frame_3752.jpg: SKIP (Timeout: ransac_inner)
frame_3753.jpg: SKIP (Timeout: ransac_inner)
frame_3754.jpg: SKIP (Timeout: ransac_inner)
frame_3757.jpg: SKIP (Timeout: ransac_inner)
frame_3758.jpg: SKIP (Timeout: ransac_inner)
frame_3759.jpg: SKIP (Timeout: ransac_inner)
frame_3761.jpg: SKIP (Timeout: ransac_inner)
frame_3762.jpg: SKIP (Timeout: ransac_inner)
frame_3763.jpg: SKIP (Timeout: ransac_inner)
frame_3765.jpg: SKIP (Timeout: ransac_inner)
frame_3766.jpg: SKIP (Timeout: ransac_inner)
frame_3767.jpg: SKIP (Timeout: ransac_inner)
frame_3768.jpg: SKIP (Timeout: ransac_inner)
frame_3769.jpg: SKIP (Timeout: ransac_inner)
frame_3770.jpg: SKIP (Timeout: ransac_inner)
frame_3771.jpg: SKIP (Timeout: ransac_inner)
frame_3772.jpg: SKIP (Timeout: ransac_inner)
frame_3773.jpg: SKIP (Timeout: ransac_inner)
frame_3774.jpg: SKIP (Timeout: ransac_inner)
frame_3775.jpg: SKIP (Timeout: ransac_inner)
frame_3776.jpg: SKIP (Timeout: ransac_inner)
frame_3778.jpg: SKIP (Timeout: ransac_inner)
frame_3779.jpg: SKIP (Timeout: ransac_inner)
frame_3780.jpg: SKIP (Timeout: ransac_inner)
frame_3781.jpg: SKIP (Timeout: ransac_inner)
frame_3782.jpg: SKIP (Timeout: ransac_inner)
frame_3783.jpg: SKIP (Timeout: ransac_inner)
frame_3784.jpg: SKIP (Timeout: ransac_inner)
frame_3785.jpg: SKIP (Timeout: ransac_inner)
frame_3786.jpg: SKIP (Timeout: ransac_inner)
frame_3787.jpg: SKIP (Timeout: ransac_inner)
frame_3788.jpg: SKIP (Timeout: ransac_inner)
frame_3789.jpg: SKIP (Timeout: ransac_inner)
frame_3790.jpg: SKIP (Timeout: ransac_inner)
frame_3792.jpg: SKIP (Timeout: ransac_inner)
frame_3793.jpg: SKIP (Timeout: safety_margin_pre_refine)
frame_3794.jpg: SKIP (Timeout: ransac_inner)
frame_3795.jpg: SKIP (Timeout: ransac_inner)
frame_3796.jpg: SKIP (Timeout: ransac_inner)
frame_3797.jpg: SKIP (Timeout: ransac_inner)
frame_3798.jpg: SKIP (Timeout: ransac_inner)
frame_3800.jpg: SKIP (Timeout: ransac_inner)
frame_3801.jpg: SKIP (Timeout: ransac_inner)
frame_3802.jpg: SKIP (Timeout: ransac_inner)
frame_3803.jpg: SKIP (Timeout: ransac_inner)
frame_3804.jpg: SKIP (Timeout: ransac_inner)
frame_3805.jpg: SKIP (Timeout: ransac_inner)
frame_3806.jpg: SKIP (Timeout: ransac_inner)
frame_3807.jpg: SKIP (Timeout: ransac_inner)
frame_3808.jpg: SKIP (Timeout: ransac_inner)
frame_3809.jpg: SKIP (Timeout: ransac_inner)
frame_3810.jpg: SKIP (Timeout: ransac_inner)
frame_3811.jpg: SKIP (Timeout: ransac_inner)
frame_3812.jpg: SKIP (Timeout: ransac_inner)
frame_3813.jpg: SKIP (Timeout: ransac_inner)
frame_3814.jpg: SKIP (Timeout: ransac_inner)
frame_3815.jpg: SKIP (Timeout: safety_margin_pre_refine)
frame_3818.jpg: SKIP (Timeout: ransac_inner)
frame_3819.jpg: SKIP (Timeout: ransac_inner)
frame_3820.jpg: SKIP (Timeout: ransac_inner)
frame_3821.jpg: SKIP (Timeout: ransac_inner)
frame_3822.jpg: SKIP (Timeout: ransac_inner)
frame_3823.jpg: SKIP (Timeout: ransac_inner)
frame_3824.jpg: SKIP (Timeout: ransac_inner)
frame_3825.jpg: SKIP (Timeout: ransac_inner)
frame_3826.jpg: SKIP (Timeout: ransac_inner)
frame_3827.jpg: SKIP (Timeout: ransac_inner)
frame_3828.jpg: SKIP (Timeout: ransac_inner)
frame_3829.jpg: SKIP (Timeout: ransac_inner)
frame_3830.jpg: SKIP (Timeout: ransac_inner)
frame_3831.jpg: SKIP (Timeout: ransac_inner)
frame_3832.jpg: SKIP (Timeout: ransac_inner)
frame_3833.jpg: SKIP (Timeout: ransac_inner)
frame_3834.jpg: SKIP (Timeout: ransac_inner)
frame_3835.jpg: SKIP (Timeout: ransac_inner)
frame_3836.jpg: SKIP (Timeout: ransac_inner)
frame_3837.jpg: SKIP (Timeout: ransac_inner)
frame_3838.jpg: SKIP (Timeout: ransac_inner)
frame_3839.jpg: SKIP (Timeout: ransac_inner)
frame_3840.jpg: SKIP (Timeout: ransac_inner)
frame_3841.jpg: SKIP (Timeout: ransac_inner)
frame_3842.jpg: SKIP (Timeout: ransac_inner)
frame_3843.jpg: SKIP (Timeout: ransac_inner)
frame_3844.jpg: SKIP (Timeout: ransac_inner)
frame_3845.jpg: SKIP (Timeout: ransac_inner)
frame_3846.jpg: SKIP (Timeout: ransac_inner)
frame_3847.jpg: FAILED (Not enough lines)
frame_3848.jpg: FAILED (Not enough lines)
frame_3849.jpg: FAILED (Not enough lines)
frame_3850.jpg: FAILED (Not enough lines)
frame_3851.jpg: SKIP (Timeout: ransac_inner)
frame_3852.jpg: SKIP (Timeout: ransac_inner)
frame_3853.jpg: SKIP (Timeout: ransac_inner)
frame_3854.jpg: SKIP (Timeout: ransac_inner)
frame_3855.jpg: SKIP (Timeout: ransac_inner)
frame_3857.jpg: SKIP (Timeout: safety_margin_pre_refine)
frame_3858.jpg: SKIP (Timeout: ransac_inner)
frame_3862.jpg: SKIP (Timeout: ransac_inner)
frame_3865.jpg: SKIP (Timeout: safety_margin_pre_refine)
frame_3869.jpg: SKIP (Timeout: safety_margin_pre_refine)
frame_3871.jpg: SKIP (Timeout: ransac_inner)
frame_3877.jpg: SKIP (Timeout: safety_margin_pre_refine)
frame_3882.jpg: SKIP (Timeout: ransac_inner)
frame_3883.jpg: SKIP (Timeout: safety_margin_pre_refine)
frame_3885.jpg: SKIP (Timeout: safety_margin_pre_refine)
frame_3887.jpg: SKIP (Timeout: ransac_inner)
frame_3892.jpg: SKIP (Timeout: ransac_inner)
frame_3894.jpg: SKIP (Timeout: safety_margin_pre_refine)
frame_3898.jpg: SKIP (Timeout: safety_margin_pre_refine)
frame_3899.jpg: SKIP (Timeout: ransac_inner)
frame_3900.jpg: SKIP (Timeout: safety_margin_pre_refine)
frame_3913.jpg: SKIP (Timeout: safety_margin_pre_refine)
frame_3918.jpg: SKIP (Timeout: safety_margin_pre_refine)
frame_3921.jpg: SKIP (Timeout: safety_margin_pre_refine)
frame_3926.jpg: SKIP (Timeout: safety_margin_pre_refine)
frame_3927.jpg: SKIP (Timeout: safety_margin_pre_refine)
frame_3944.jpg: SKIP (Timeout: ransac_inner)
frame_3945.jpg: SKIP (Timeout: safety_margin_pre_refine)
frame_3949.jpg: SKIP (Timeout: safety_margin_pre_refine)
frame_3951.jpg: SKIP (Timeout: ransac_inner)
frame_3952.jpg: SKIP (Timeout: ransac_inner)
frame_3953.jpg: SKIP (Timeout: ransac_inner)
frame_3954.jpg: SKIP (Timeout: ransac_inner)
frame_3955.jpg: SKIP (Timeout: ransac_inner)
frame_3956.jpg: SKIP (Timeout: ransac_inner)
frame_3957.jpg: SKIP (Timeout: ransac_inner)
frame_3958.jpg: SKIP (Timeout: ransac_inner)
frame_3959.jpg: SKIP (Timeout: ransac_inner)
frame_3960.jpg: SKIP (Timeout: ransac_inner)
frame_3961.jpg: SKIP (Timeout: ransac_inner)
frame_3962.jpg: SKIP (Timeout: ransac_inner)
frame_3963.jpg: SKIP (Timeout: ransac_inner)
frame_3964.jpg: SKIP (Timeout: ransac_inner)
frame_3965.jpg: SKIP (Timeout: ransac_inner)
frame_3966.jpg: SKIP (Timeout: ransac_inner)
frame_3967.jpg: SKIP (Timeout: ransac_inner)
frame_3968.jpg: SKIP (Timeout: ransac_inner)
frame_3969.jpg: SKIP (Timeout: ransac_inner)
frame_3970.jpg: SKIP (Timeout: ransac_inner)
frame_3971.jpg: SKIP (Timeout: ransac_inner)
frame_3972.jpg: SKIP (Timeout: ransac_inner)
frame_3973.jpg: SKIP (Timeout: ransac_inner)
frame_3974.jpg: SKIP (Timeout: ransac_inner)
frame_3975.jpg: SKIP (Timeout: ransac_inner)
frame_3976.jpg: SKIP (Timeout: ransac_inner)
frame_3977.jpg: SKIP (Timeout: ransac_inner)
frame_3978.jpg: SKIP (Timeout: ransac_inner)
frame_3979.jpg: SKIP (Timeout: ransac_inner)
frame_3980.jpg: SKIP (Timeout: ransac_inner)
frame_3981.jpg: SKIP (Timeout: ransac_inner)
frame_3982.jpg: SKIP (Timeout: ransac_inner)
frame_3983.jpg: SKIP (Timeout: ransac_inner)
frame_3984.jpg: SKIP (Timeout: ransac_inner)
frame_3985.jpg: SKIP (Timeout: ransac_inner)
frame_3986.jpg: SKIP (Timeout: ransac_inner)
frame_3987.jpg: SKIP (Timeout: ransac_inner)
frame_3988.jpg: SKIP (Timeout: ransac_inner)
frame_3989.jpg: SKIP (Timeout: ransac_inner)
frame_3990.jpg: SKIP (Timeout: ransac_inner)
frame_3991.jpg: SKIP (Timeout: ransac_inner)
frame_3992.jpg: SKIP (Timeout: ransac_inner)
frame_3993.jpg: SKIP (Timeout: ransac_inner)
frame_3994.jpg: SKIP (Timeout: ransac_inner)
frame_3995.jpg: SKIP (Timeout: ransac_inner)
frame_3996.jpg: SKIP (Timeout: ransac_inner)
frame_3997.jpg: SKIP (Timeout: ransac_inner)
frame_3998.jpg: SKIP (Timeout: ransac_inner)
frame_3999.jpg: SKIP (Timeout: ransac_inner)
frame_4000.jpg: SKIP (Timeout: ransac_inner)
frame_4001.jpg: SKIP (Timeout: ransac_inner)
frame_4002.jpg: SKIP (Timeout: ransac_inner)
frame_4003.jpg: SKIP (Timeout: ransac_inner)
frame_4004.jpg: SKIP (Timeout: ransac_inner)
frame_4005.jpg: SKIP (Timeout: ransac_inner)
frame_4006.jpg: SKIP (Timeout: ransac_inner)
frame_4007.jpg: SKIP (Timeout: ransac_inner)
frame_4008.jpg: SKIP (Timeout: ransac_inner)
frame_4009.jpg: SKIP (Timeout: ransac_inner)
frame_4010.jpg: SKIP (Timeout: ransac_inner)
frame_4011.jpg: FAILED (Not enough lines)
frame_4012.jpg: FAILED (Not enough lines)
frame_4013.jpg: FAILED (Not enough lines)
frame_4014.jpg: FAILED (Not enough lines)
frame_4015.jpg: SKIP (Timeout: ransac_inner)
frame_4016.jpg: SKIP (Timeout: ransac_inner)
frame_4017.jpg: SKIP (Timeout: ransac_inner)
frame_4018.jpg: SKIP (Timeout: ransac_inner)
frame_4019.jpg: SKIP (Timeout: ransac_inner)
frame_4020.jpg: SKIP (Timeout: ransac_inner)
frame_4021.jpg: SKIP (Timeout: ransac_inner)
frame_4022.jpg: SKIP (Timeout: ransac_inner)
frame_4023.jpg: SKIP (Timeout: ransac_inner)
frame_4024.jpg: SKIP (Timeout: ransac_inner)
frame_4025.jpg: SKIP (Timeout: ransac_inner)
frame_4026.jpg: SKIP (Timeout: ransac_inner)
frame_4027.jpg: SKIP (Timeout: ransac_inner)
frame_4028.jpg: SKIP (Timeout: ransac_inner)
frame_4029.jpg: SKIP (Timeout: ransac_inner)
frame_4030.jpg: SKIP (Timeout: ransac_inner)
frame_4031.jpg: SKIP (Timeout: ransac_inner)
frame_4032.jpg: SKIP (Timeout: ransac_inner)
frame_4033.jpg: SKIP (Timeout: ransac_inner)
frame_4034.jpg: SKIP (Timeout: ransac_inner)
frame_4035.jpg: SKIP (Timeout: ransac_inner)
frame_4036.jpg: SKIP (Timeout: ransac_inner)
frame_4037.jpg: SKIP (Timeout: ransac_inner)
frame_4038.jpg: SKIP (Timeout: ransac_inner)
frame_4039.jpg: SKIP (Timeout: ransac_inner)
frame_4040.jpg: SKIP (Timeout: ransac_inner)
frame_4041.jpg: SKIP (Timeout: ransac_inner)
frame_4042.jpg: SKIP (Timeout: ransac_inner)
frame_4043.jpg: SKIP (Timeout: ransac_inner)
frame_4044.jpg: SKIP (Timeout: ransac_inner)
frame_4045.jpg: SKIP (Timeout: ransac_inner)
frame_4046.jpg: SKIP (Timeout: ransac_inner)
frame_4047.jpg: SKIP (Timeout: ransac_inner)
frame_4048.jpg: SKIP (Timeout: ransac_inner)
frame_4049.jpg: SKIP (Timeout: ransac_inner)
frame_4050.jpg: SKIP (Timeout: ransac_inner)
frame_4051.jpg: SKIP (Timeout: ransac_inner)
frame_4052.jpg: SKIP (Timeout: ransac_inner)
frame_4053.jpg: SKIP (Timeout: ransac_inner)
frame_4054.jpg: SKIP (Timeout: ransac_inner)
frame_4055.jpg: SKIP (Timeout: ransac_inner)
frame_4056.jpg: SKIP (Timeout: ransac_inner)
frame_4057.jpg: SKIP (Timeout: ransac_inner)
frame_4058.jpg: SKIP (Timeout: ransac_inner)
frame_4059.jpg: SKIP (Timeout: ransac_inner)
frame_4060.jpg: SKIP (Timeout: ransac_inner)
frame_4061.jpg: SKIP (Timeout: ransac_inner)
frame_4062.jpg: SKIP (Timeout: ransac_inner)
frame_4063.jpg: SKIP (Timeout: ransac_inner)
frame_4064.jpg: SKIP (Timeout: ransac_inner)
frame_4065.jpg: SKIP (Timeout: ransac_inner)
frame_4066.jpg: SKIP (Timeout: ransac_inner)
frame_4067.jpg: SKIP (Timeout: ransac_inner)
frame_4068.jpg: SKIP (Timeout: ransac_inner)
frame_4069.jpg: SKIP (Timeout: ransac_inner)
frame_4070.jpg: SKIP (Timeout: ransac_inner)
frame_4071.jpg: SKIP (Timeout: ransac_inner)
frame_4072.jpg: SKIP (Timeout: ransac_inner)
frame_4073.jpg: SKIP (Timeout: ransac_inner)
frame_4074.jpg: SKIP (Timeout: ransac_inner)
frame_4075.jpg: SKIP (Timeout: ransac_inner)
frame_4076.jpg: SKIP (Timeout: ransac_inner)
frame_4077.jpg: SKIP (Timeout: ransac_inner)
frame_4078.jpg: SKIP (Timeout: ransac_inner)
frame_4079.jpg: SKIP (Timeout: ransac_inner)
frame_4080.jpg: SKIP (Timeout: ransac_inner)
frame_4081.jpg: SKIP (Timeout: ransac_inner)
frame_4082.jpg: SKIP (Timeout: ransac_inner)
frame_4083.jpg: SKIP (Timeout: ransac_inner)
frame_4084.jpg: SKIP (Timeout: ransac_inner)
frame_4085.jpg: SKIP (Timeout: ransac_inner)
frame_4086.jpg: SKIP (Timeout: ransac_inner)
frame_4087.jpg: SKIP (Timeout: ransac_inner)
frame_4088.jpg: SKIP (Timeout: ransac_inner)
frame_4089.jpg: SKIP (Timeout: ransac_inner)
frame_4090.jpg: SKIP (Timeout: ransac_inner)
frame_4091.jpg: SKIP (Timeout: ransac_inner)
frame_4092.jpg: SKIP (Timeout: ransac_inner)
frame_4093.jpg: SKIP (Timeout: ransac_inner)
frame_4094.jpg: SKIP (Timeout: ransac_inner)
frame_4095.jpg: SKIP (Timeout: ransac_inner)
frame_4096.jpg: SKIP (Timeout: ransac_inner)
frame_4097.jpg: SKIP (Timeout: ransac_inner)
frame_4098.jpg: SKIP (Timeout: ransac_inner)
frame_4099.jpg: SKIP (Timeout: ransac_inner)
frame_4100.jpg: SKIP (Timeout: ransac_inner)
frame_4101.jpg: SKIP (Timeout: ransac_inner)
frame_4102.jpg: SKIP (Timeout: ransac_inner)
frame_4103.jpg: SKIP (Timeout: ransac_inner)
frame_4104.jpg: SKIP (Timeout: ransac_inner)
frame_4105.jpg: SKIP (Timeout: ransac_inner)
frame_4106.jpg: SKIP (Timeout: ransac_inner)
frame_4107.jpg: SKIP (Timeout: ransac_inner)
frame_4108.jpg: SKIP (Timeout: ransac_inner)
frame_4109.jpg: SKIP (Timeout: ransac_inner)
frame_4110.jpg: SKIP (Timeout: ransac_inner)
frame_4111.jpg: SKIP (Timeout: ransac_inner)
frame_4112.jpg: SKIP (Timeout: ransac_inner)
frame_4113.jpg: SKIP (Timeout: ransac_inner)
frame_4114.jpg: SKIP (Timeout: ransac_inner)
frame_4115.jpg: SKIP (Timeout: ransac_inner)
frame_4116.jpg: SKIP (Timeout: ransac_inner)
frame_4117.jpg: SKIP (Timeout: ransac_inner)
frame_4118.jpg: SKIP (Timeout: ransac_inner)
frame_4119.jpg: SKIP (Timeout: ransac_inner)
frame_4120.jpg: SKIP (Timeout: ransac_inner)
frame_4121.jpg: SKIP (Timeout: ransac_inner)
frame_4122.jpg: SKIP (Timeout: ransac_inner)
frame_4123.jpg: SKIP (Timeout: ransac_inner)
frame_4124.jpg: SKIP (Timeout: ransac_inner)
frame_4125.jpg: SKIP (Timeout: ransac_inner)
frame_4126.jpg: SKIP (Timeout: ransac_inner)
frame_4128.jpg: SKIP (Timeout: safety_margin_pre_refine)
frame_4129.jpg: SKIP (Timeout: safety_margin_pre_refine)
frame_4131.jpg: SKIP (Timeout: ransac_inner)
frame_4132.jpg: SKIP (Timeout: safety_margin_pre_refine)
frame_4135.jpg: SKIP (Timeout: ransac_inner)
frame_4136.jpg: SKIP (Timeout: ransac_inner)
frame_4137.jpg: SKIP (Timeout: ransac_inner)
frame_4138.jpg: SKIP (Timeout: ransac_inner)
frame_4139.jpg: SKIP (Timeout: ransac_inner)
frame_4140.jpg: SKIP (Timeout: ransac_inner)
frame_4141.jpg: SKIP (Timeout: ransac_inner)
frame_4142.jpg: SKIP (Timeout: ransac_inner)
frame_4143.jpg: SKIP (Timeout: ransac_inner)
frame_4144.jpg: SKIP (Timeout: ransac_inner)
frame_4145.jpg: SKIP (Timeout: ransac_inner)
frame_4146.jpg: SKIP (Timeout: ransac_inner)
frame_4147.jpg: SKIP (Timeout: ransac_inner)
frame_4148.jpg: SKIP (Timeout: ransac_inner)
frame_4149.jpg: SKIP (Timeout: ransac_inner)
frame_4150.jpg: SKIP (Timeout: ransac_inner)
frame_4151.jpg: SKIP (Timeout: ransac_inner)
frame_4152.jpg: SKIP (Timeout: ransac_inner)
frame_4153.jpg: SKIP (Timeout: ransac_inner)
frame_4154.jpg: SKIP (Timeout: ransac_inner)
frame_4155.jpg: SKIP (Timeout: ransac_inner)
frame_4158.jpg: SKIP (Timeout: safety_margin_pre_refine)
frame_4159.jpg: SKIP (Timeout: ransac_inner)
frame_4160.jpg: SKIP (Timeout: ransac_inner)
frame_4161.jpg: SKIP (Timeout: ransac_inner)
frame_4162.jpg: SKIP (Timeout: ransac_inner)
frame_4163.jpg: SKIP (Timeout: ransac_inner)
frame_4164.jpg: SKIP (Timeout: ransac_inner)
frame_4165.jpg: SKIP (Timeout: ransac_inner)
frame_4166.jpg: SKIP (Timeout: ransac_inner)
frame_4167.jpg: SKIP (Timeout: ransac_inner)
frame_4168.jpg: SKIP (Timeout: ransac_inner)
frame_4169.jpg: SKIP (Timeout: ransac_inner)
frame_4170.jpg: SKIP (Timeout: ransac_inner)
frame_4171.jpg: SKIP (Timeout: ransac_inner)
frame_4172.jpg: SKIP (Timeout: ransac_inner)
frame_4173.jpg: SKIP (Timeout: ransac_inner)
frame_4174.jpg: SKIP (Timeout: ransac_inner)
frame_4175.jpg: SKIP (Timeout: ransac_inner)
frame_4176.jpg: SKIP (Timeout: ransac_inner)
frame_4177.jpg: SKIP (Timeout: ransac_inner)
frame_4178.jpg: SKIP (Timeout: ransac_inner)
frame_4179.jpg: SKIP (Timeout: ransac_inner)
frame_4180.jpg: SKIP (Timeout: ransac_inner)
frame_4181.jpg: SKIP (Timeout: ransac_inner)
frame_4182.jpg: SKIP (Timeout: ransac_inner)
frame_4183.jpg: SKIP (Timeout: ransac_inner)
frame_4184.jpg: SKIP (Timeout: ransac_inner)
frame_4185.jpg: SKIP (Timeout: ransac_inner)
frame_4186.jpg: SKIP (Timeout: ransac_inner)
frame_4187.jpg: FAILED (Not enough lines)
frame_4188.jpg: FAILED (Not enough lines)
frame_4189.jpg: FAILED (Not enough lines)
frame_4190.jpg: FAILED (Not enough lines)
frame_4191.jpg: SKIP (Timeout: ransac_inner)
frame_4192.jpg: SKIP (Timeout: ransac_inner)
frame_4193.jpg: SKIP (Timeout: ransac_inner)
frame_4194.jpg: SKIP (Timeout: ransac_inner)
frame_4195.jpg: SKIP (Timeout: ransac_inner)
frame_4196.jpg: SKIP (Timeout: ransac_inner)
frame_4197.jpg: SKIP (Timeout: ransac_inner)
frame_4198.jpg: SKIP (Timeout: ransac_inner)
frame_4199.jpg: SKIP (Timeout: ransac_inner)
frame_4200.jpg: SKIP (Timeout: ransac_inner)
frame_4201.jpg: SKIP (Timeout: ransac_inner)
frame_4202.jpg: SKIP (Timeout: ransac_inner)
frame_4203.jpg: SKIP (Timeout: ransac_inner)
frame_4204.jpg: SKIP (Timeout: ransac_inner)
frame_4205.jpg: SKIP (Timeout: ransac_inner)
frame_4206.jpg: SKIP (Timeout: ransac_inner)
frame_4207.jpg: SKIP (Timeout: ransac_inner)
frame_4208.jpg: SKIP (Timeout: ransac_inner)
frame_4209.jpg: SKIP (Timeout: ransac_inner)
frame_4210.jpg: SKIP (Timeout: ransac_inner)
frame_4211.jpg: SKIP (Timeout: ransac_inner)
frame_4212.jpg: SKIP (Timeout: ransac_inner)
frame_4213.jpg: SKIP (Timeout: ransac_inner)
frame_4214.jpg: SKIP (Timeout: ransac_inner)
frame_4215.jpg: SKIP (Timeout: ransac_inner)
frame_4216.jpg: SKIP (Timeout: ransac_inner)
frame_4217.jpg: SKIP (Timeout: ransac_inner)
frame_4218.jpg: SKIP (Timeout: ransac_inner)
frame_4219.jpg: SKIP (Timeout: ransac_inner)
frame_4220.jpg: SKIP (Timeout: ransac_inner)
frame_4221.jpg: SKIP (Timeout: ransac_inner)
frame_4222.jpg: SKIP (Timeout: ransac_inner)
frame_4223.jpg: SKIP (Timeout: ransac_inner)
frame_4224.jpg: SKIP (Timeout: ransac_inner)
frame_4225.jpg: SKIP (Timeout: ransac_inner)
frame_4226.jpg: SKIP (Timeout: ransac_inner)
frame_4227.jpg: SKIP (Timeout: ransac_inner)
frame_4228.jpg: SKIP (Timeout: ransac_inner)
frame_4229.jpg: SKIP (Timeout: ransac_inner)
frame_4230.jpg: SKIP (Timeout: ransac_inner)
frame_4231.jpg: SKIP (Timeout: ransac_inner)
frame_4232.jpg: SKIP (Timeout: ransac_inner)
frame_4233.jpg: SKIP (Timeout: ransac_inner)
frame_4234.jpg: SKIP (Timeout: ransac_inner)
frame_4235.jpg: SKIP (Timeout: ransac_inner)
frame_4236.jpg: SKIP (Timeout: ransac_inner)
frame_4237.jpg: SKIP (Timeout: ransac_inner)
frame_4238.jpg: SKIP (Timeout: ransac_inner)
frame_4239.jpg: SKIP (Timeout: ransac_inner)
frame_4240.jpg: SKIP (Timeout: ransac_inner)
frame_4241.jpg: SKIP (Timeout: ransac_inner)
frame_4242.jpg: SKIP (Timeout: ransac_inner)
frame_4243.jpg: SKIP (Timeout: ransac_inner)
frame_4244.jpg: SKIP (Timeout: ransac_inner)
frame_4245.jpg: SKIP (Timeout: ransac_inner)
frame_4246.jpg: SKIP (Timeout: ransac_inner)
frame_4247.jpg: SKIP (Timeout: ransac_inner)
frame_4248.jpg: SKIP (Timeout: ransac_inner)
frame_4249.jpg: SKIP (Timeout: ransac_inner)
frame_4250.jpg: SKIP (Timeout: ransac_inner)
frame_4251.jpg: SKIP (Timeout: ransac_inner)
frame_4252.jpg: SKIP (Timeout: ransac_inner)
frame_4253.jpg: SKIP (Timeout: ransac_inner)
frame_4254.jpg: SKIP (Timeout: ransac_inner)
frame_4255.jpg: SKIP (Timeout: ransac_inner)
frame_4256.jpg: SKIP (Timeout: ransac_inner)
frame_4257.jpg: SKIP (Timeout: ransac_inner)
frame_4258.jpg: SKIP (Timeout: ransac_inner)
frame_4259.jpg: SKIP (Timeout: ransac_inner)
frame_4260.jpg: SKIP (Timeout: ransac_inner)
frame_4261.jpg: SKIP (Timeout: ransac_inner)
frame_4262.jpg: SKIP (Timeout: ransac_inner)
frame_4263.jpg: SKIP (Timeout: ransac_inner)
frame_4264.jpg: SKIP (Timeout: ransac_inner)
frame_4265.jpg: SKIP (Timeout: ransac_inner)
frame_4266.jpg: SKIP (Timeout: ransac_inner)
frame_4267.jpg: SKIP (Timeout: ransac_inner)
frame_4268.jpg: SKIP (Timeout: ransac_inner)
frame_4269.jpg: SKIP (Timeout: ransac_inner)
frame_4270.jpg: SKIP (Timeout: ransac_inner)
frame_4271.jpg: SKIP (Timeout: ransac_inner)
frame_4272.jpg: SKIP (Timeout: ransac_inner)
frame_4273.jpg: SKIP (Timeout: ransac_inner)
frame_4274.jpg: SKIP (Timeout: ransac_inner)
frame_4282.jpg: SKIP (Timeout: safety_margin_pre_refine)
frame_4283.jpg: SKIP (Timeout: safety_margin_pre_refine)
frame_4284.jpg: SKIP (Timeout: safety_margin_pre_refine)
frame_4297.jpg: SKIP (Timeout: safety_margin_pre_refine)
frame_4303.jpg: SKIP (Timeout: safety_margin_pre_refine)
frame_4307.jpg: SKIP (Timeout: ransac_inner)
frame_4308.jpg: SKIP (Timeout: ransac_inner)
frame_4309.jpg: SKIP (Timeout: ransac_inner)
frame_4310.jpg: SKIP (Timeout: ransac_inner)
frame_4311.jpg: SKIP (Timeout: ransac_inner)
frame_4312.jpg: SKIP (Timeout: ransac_inner)
frame_4313.jpg: SKIP (Timeout: ransac_inner)
frame_4314.jpg: SKIP (Timeout: ransac_inner)
frame_4315.jpg: SKIP (Timeout: ransac_inner)
frame_4317.jpg: SKIP (Timeout: ransac_inner)
frame_4319.jpg: SKIP (Timeout: safety_margin_pre_refine)
frame_4321.jpg: SKIP (Timeout: ransac_inner)
frame_4326.jpg: SKIP (Timeout: safety_margin_pre_refine)
frame_4332.jpg: SKIP (Timeout: safety_margin_pre_refine)
frame_4333.jpg: SKIP (Timeout: safety_margin_pre_refine)
frame_4336.jpg: SKIP (Timeout: safety_margin_pre_refine)
frame_4342.jpg: SKIP (Timeout: safety_margin_pre_refine)
frame_4357.jpg: SKIP (Timeout: ransac_inner)
frame_4361.jpg: SKIP (Timeout: safety_margin_pre_refine)
frame_4376.jpg: SKIP (Timeout: ransac_inner)
frame_4378.jpg: SKIP (Timeout: safety_margin_pre_refine)
frame_4380.jpg: SKIP (Timeout: safety_margin_pre_refine)
frame_4381.jpg: SKIP (Timeout: safety_margin_pre_refine)
frame_4392.jpg: SKIP (Timeout: safety_margin_pre_refine)
frame_4397.jpg: SKIP (Timeout: safety_margin_pre_refine)
frame_4402.jpg: SKIP (Timeout: safety_margin_pre_refine)
frame_4407.jpg: SKIP (Timeout: safety_margin_pre_refine)
frame_4408.jpg: SKIP (Timeout: safety_margin_pre_refine)
frame_4410.jpg: SKIP (Timeout: safety_margin_pre_refine)
frame_4419.jpg: SKIP (Timeout: safety_margin_pre_refine)
frame_4429.jpg: SKIP (Timeout: safety_margin_pre_refine)
frame_4436.jpg: SKIP (Timeout: safety_margin_pre_refine)
frame_4440.jpg: SKIP (Timeout: safety_margin_pre_refine)
frame_4451.jpg: SKIP (Timeout: safety_margin_pre_refine)
frame_4453.jpg: SKIP (Timeout: safety_margin_pre_refine)
frame_4461.jpg: SKIP (Timeout: safety_margin_pre_refine)
frame_4463.jpg: SKIP (Timeout: safety_margin_pre_refine)
frame_4466.jpg: SKIP (Timeout: safety_margin_pre_refine)
frame_4468.jpg: SKIP (Timeout: ransac_inner)
frame_4469.jpg: SKIP (Timeout: safety_margin_pre_refine)
frame_4470.jpg: SKIP (Timeout: safety_margin_pre_refine)
frame_4482.jpg: SKIP (Timeout: safety_margin_pre_refine)
frame_4485.jpg: SKIP (Timeout: safety_margin_pre_refine)
frame_4486.jpg: SKIP (Timeout: safety_margin_pre_refine)
frame_4487.jpg: SKIP (Timeout: ransac_inner)
frame_4496.jpg: SKIP (Timeout: safety_margin_pre_refine)
frame_4497.jpg: SKIP (Timeout: ransac_inner)
frame_4500.jpg: SKIP (Timeout: ransac_inner)
frame_4501.jpg: SKIP (Timeout: ransac_inner)
frame_4502.jpg: SKIP (Timeout: ransac_inner)
frame_4503.jpg: SKIP (Timeout: ransac_inner)
frame_4504.jpg: SKIP (Timeout: ransac_inner)
frame_4507.jpg: SKIP (Timeout: ransac_inner)
frame_4511.jpg: SKIP (Timeout: ransac_inner)
frame_4516.jpg: SKIP (Timeout: safety_margin_pre_refine)
frame_4518.jpg: SKIP (Timeout: ransac_inner)
frame_4519.jpg: SKIP (Timeout: safety_margin_pre_refine)
frame_4520.jpg: SKIP (Timeout: safety_margin_pre_refine)
frame_4524.jpg: SKIP (Timeout: ransac_inner)
frame_4525.jpg: SKIP (Timeout: ransac_inner)
frame_4526.jpg: SKIP (Timeout: ransac_inner)
frame_4527.jpg: SKIP (Timeout: ransac_inner)
frame_4528.jpg: SKIP (Timeout: ransac_inner)
frame_4529.jpg: SKIP (Timeout: ransac_inner)
frame_4530.jpg: SKIP (Timeout: ransac_inner)
frame_4531.jpg: SKIP (Timeout: ransac_inner)
frame_4532.jpg: FAILED (Not enough lines)
frame_4533.jpg: FAILED (Not enough lines)
frame_4534.jpg: FAILED (Not enough lines)
frame_4535.jpg: FAILED (Not enough lines)
frame_4536.jpg: FAILED (Not enough lines)
frame_4537.jpg: FAILED (Not enough lines)
frame_4538.jpg: FAILED (Not enough lines)
frame_4539.jpg: FAILED (Not enough lines)
frame_4540.jpg: FAILED (Not enough lines)
frame_4541.jpg: FAILED (Not enough lines)
frame_4542.jpg: FAILED (Not enough lines)
frame_4543.jpg: FAILED (Not enough lines)
frame_4544.jpg: SKIP (Timeout: ransac_inner)
frame_4545.jpg: SKIP (Timeout: ransac_inner)
frame_4546.jpg: SKIP (Timeout: ransac_inner)
frame_4547.jpg: SKIP (Timeout: ransac_inner)
frame_4548.jpg: SKIP (Timeout: safety_margin_pre_refine)
frame_4549.jpg: SKIP (Timeout: ransac_inner)
frame_4550.jpg: SKIP (Timeout: ransac_inner)
frame_4551.jpg: SKIP (Timeout: safety_margin_pre_refine)
frame_4554.jpg: SKIP (Timeout: safety_margin_pre_refine)
frame_4556.jpg: SKIP (Timeout: safety_margin_pre_refine)
frame_4559.jpg: SKIP (Timeout: safety_margin_pre_refine)
frame_4565.jpg: SKIP (Timeout: safety_margin_pre_refine)
frame_4567.jpg: SKIP (Timeout: ransac_inner)
frame_4568.jpg: SKIP (Timeout: ransac_inner)
frame_4569.jpg: SKIP (Timeout: ransac_inner)
frame_4570.jpg: SKIP (Timeout: safety_margin_pre_refine)
frame_4573.jpg: SKIP (Timeout: ransac_inner)
frame_4582.jpg: SKIP (Timeout: safety_margin_pre_refine)
frame_4584.jpg: SKIP (Timeout: ransac_inner)
frame_4585.jpg: SKIP (Timeout: ransac_inner)
frame_4586.jpg: SKIP (Timeout: ransac_inner)
frame_4587.jpg: SKIP (Timeout: ransac_inner)
frame_4620.jpg: SKIP (Timeout: safety_margin_pre_refine)
frame_4647.jpg: SKIP (Timeout: safety_margin_pre_refine)
frame_4648.jpg: SKIP (Timeout: safety_margin_pre_refine)
frame_4651.jpg: SKIP (Timeout: safety_margin_pre_refine)
frame_4652.jpg: SKIP (Timeout: safety_margin_pre_refine)
frame_4653.jpg: SKIP (Timeout: safety_margin_pre_refine)
frame_4654.jpg: SKIP (Timeout: ransac_inner)
frame_4658.jpg: SKIP (Timeout: ransac_inner)
frame_4659.jpg: SKIP (Timeout: ransac_inner)
frame_4660.jpg: SKIP (Timeout: ransac_inner)
frame_4661.jpg: SKIP (Timeout: safety_margin_pre_refine)
frame_4662.jpg: SKIP (Timeout: safety_margin_pre_refine)
frame_4663.jpg: SKIP (Timeout: ransac_inner)
frame_4664.jpg: SKIP (Timeout: ransac_inner)
frame_4665.jpg: SKIP (Timeout: ransac_inner)
frame_4666.jpg: SKIP (Timeout: ransac_inner)
frame_4667.jpg: FAILED (Not enough lines)
frame_4668.jpg: FAILED (Not enough lines)
frame_4669.jpg: FAILED (Not enough lines)
frame_4670.jpg: FAILED (Not enough lines)
frame_4671.jpg: FAILED (Not enough lines)
frame_4672.jpg: FAILED (Not enough lines)
frame_4673.jpg: FAILED (Not enough lines)
frame_4674.jpg: FAILED (Not enough lines)
frame_4675.jpg: FAILED (Not enough lines)
frame_4676.jpg: SKIP (Timeout: ransac_inner)
frame_4677.jpg: SKIP (Timeout: ransac_inner)
frame_4678.jpg: SKIP (Timeout: ransac_inner)
frame_4679.jpg: SKIP (Timeout: ransac_inner)
frame_4681.jpg: SKIP (Timeout: ransac_inner)
frame_4682.jpg: SKIP (Timeout: safety_margin_pre_refine)
frame_4687.jpg: SKIP (Timeout: safety_margin_pre_refine)
frame_4690.jpg: SKIP (Timeout: safety_margin_pre_refine)
frame_4699.jpg: SKIP (Timeout: ransac_inner)
frame_4702.jpg: SKIP (Timeout: safety_margin_pre_refine)
frame_4705.jpg: SKIP (Timeout: ransac_inner)
frame_4707.jpg: SKIP (Timeout: safety_margin_pre_refine)
frame_4711.jpg: SKIP (Timeout: safety_margin_pre_refine)
frame_4712.jpg: SKIP (Timeout: ransac_inner)
frame_4713.jpg: SKIP (Timeout: ransac_inner)
frame_4714.jpg: SKIP (Timeout: ransac_inner)
frame_4715.jpg: SKIP (Timeout: ransac_inner)
frame_4722.jpg: SKIP (Timeout: safety_margin_pre_refine)
frame_4725.jpg: SKIP (Timeout: ransac_inner)
frame_4727.jpg: SKIP (Timeout: ransac_inner)
frame_4729.jpg: SKIP (Timeout: ransac_inner)
frame_4732.jpg: SKIP (Timeout: ransac_inner)
frame_4733.jpg: SKIP (Timeout: safety_margin_pre_refine)
frame_4734.jpg: SKIP (Timeout: safety_margin_pre_refine)
frame_4737.jpg: SKIP (Timeout: safety_margin_pre_refine)
frame_4739.jpg: SKIP (Timeout: ransac_inner)
frame_4743.jpg: SKIP (Timeout: ransac_inner)
frame_4744.jpg: SKIP (Timeout: safety_margin_pre_refine)
frame_4751.jpg: SKIP (Timeout: ransac_inner)
frame_4752.jpg: SKIP (Timeout: ransac_inner)
frame_4754.jpg: SKIP (Timeout: ransac_inner)
frame_4755.jpg: SKIP (Timeout: ransac_inner)
frame_4758.jpg: SKIP (Timeout: ransac_inner)
frame_4776.jpg: SKIP (Timeout: safety_margin_pre_refine)
frame_4789.jpg: SKIP (Timeout: ransac_inner)
frame_4794.jpg: SKIP (Timeout: safety_margin_pre_refine)
frame_4803.jpg: FAILED (Not enough lines)
frame_4804.jpg: FAILED (Not enough lines)
frame_4805.jpg: FAILED (Not enough lines)
frame_4806.jpg: FAILED (Not enough lines)
frame_4807.jpg: FAILED (Not enough lines)
frame_4808.jpg: FAILED (Not enough lines)
frame_4809.jpg: FAILED (Not enough lines)
frame_4810.jpg: FAILED (Not enough lines)
frame_4811.jpg: FAILED (Not enough lines)
frame_4812.jpg: FAILED (Not enough lines)
frame_4813.jpg: FAILED (Not enough lines)
frame_4814.jpg: FAILED (Not enough lines)
frame_4815.jpg: FAILED (Not enough lines)
frame_4816.jpg: FAILED (Not enough lines)
frame_4817.jpg: FAILED (Not enough lines)
frame_4818.jpg: FAILED (Not enough lines)
frame_4819.jpg: FAILED (Not enough lines)
frame_4828.jpg: SKIP (Timeout: ransac_inner)
frame_4829.jpg: SKIP (Timeout: ransac_inner)
frame_4830.jpg: SKIP (Timeout: ransac_inner)
frame_4831.jpg: SKIP (Timeout: ransac_inner)
frame_4833.jpg: SKIP (Timeout: ransac_inner)
frame_4835.jpg: SKIP (Timeout: ransac_inner)
frame_4840.jpg: FAILED (Not enough lines)
frame_4841.jpg: FAILED (Not enough lines)
frame_4842.jpg: FAILED (Not enough lines)
frame_4843.jpg: FAILED (Not enough lines)
frame_4844.jpg: FAILED (Not enough lines)
frame_4845.jpg: FAILED (Not enough lines)
frame_4846.jpg: FAILED (Not enough lines)
frame_4847.jpg: FAILED (Not enough lines)
frame_4868.jpg: SKIP (Timeout: ransac_inner)
frame_4869.jpg: SKIP (Timeout: ransac_inner)
frame_4870.jpg: SKIP (Timeout: ransac_inner)
frame_4871.jpg: SKIP (Timeout: ransac_inner)
frame_4872.jpg: SKIP (Timeout: ransac_inner)
frame_4873.jpg: SKIP (Timeout: safety_margin_pre_refine)
frame_4880.jpg: SKIP (Timeout: safety_margin_pre_refine)
frame_4883.jpg: SKIP (Timeout: safety_margin_pre_refine)
frame_4889.jpg: SKIP (Timeout: safety_margin_pre_refine)
frame_4890.jpg: SKIP (Timeout: safety_margin_pre_refine)
frame_4895.jpg: FAILED (Not enough lines)
frame_4896.jpg: FAILED (Not enough lines)
frame_4897.jpg: FAILED (Not enough lines)
frame_4898.jpg: FAILED (Not enough lines)
frame_4899.jpg: FAILED (Not enough lines)
frame_4900.jpg: SKIP (Timeout: ransac_inner)
frame_4901.jpg: SKIP (Timeout: ransac_inner)
frame_4902.jpg: SKIP (Timeout: ransac_inner)
frame_4903.jpg: SKIP (Timeout: ransac_inner)
frame_4905.jpg: SKIP (Timeout: ransac_inner)
frame_4914.jpg: SKIP (Timeout: ransac_inner)
frame_4921.jpg: SKIP (Timeout: safety_margin_pre_refine)
frame_4922.jpg: SKIP (Timeout: ransac_inner)
frame_4925.jpg: SKIP (Timeout: ransac_inner)
frame_4927.jpg: SKIP (Timeout: safety_margin_pre_refine)
frame_4929.jpg: SKIP (Timeout: safety_margin_pre_refine)
frame_4931.jpg: SKIP (Timeout: ransac_inner)
frame_4940.jpg: SKIP (Timeout: ransac_inner)
frame_4941.jpg: SKIP (Timeout: ransac_inner)
frame_4942.jpg: SKIP (Timeout: ransac_inner)
frame_4943.jpg: SKIP (Timeout: ransac_inner)
frame_4944.jpg: SKIP (Timeout: ransac_inner)
frame_4945.jpg: SKIP (Timeout: ransac_inner)
frame_4946.jpg: SKIP (Timeout: ransac_inner)
frame_4947.jpg: SKIP (Timeout: ransac_inner)
frame_4949.jpg: SKIP (Timeout: ransac_inner)
frame_4950.jpg: SKIP (Timeout: ransac_inner)
frame_4951.jpg: SKIP (Timeout: safety_margin_pre_refine)
frame_4953.jpg: SKIP (Timeout: ransac_inner)
frame_4954.jpg: SKIP (Timeout: ransac_inner)
frame_4955.jpg: SKIP (Timeout: ransac_inner)
frame_4956.jpg: SKIP (Timeout: ransac_inner)
frame_4957.jpg: SKIP (Timeout: ransac_inner)
frame_4958.jpg: SKIP (Timeout: ransac_inner)
frame_4959.jpg: SKIP (Timeout: ransac_inner)
frame_4960.jpg: SKIP (Timeout: ransac_inner)
frame_4961.jpg: SKIP (Timeout: ransac_inner)
frame_4962.jpg: SKIP (Timeout: ransac_inner)
frame_4963.jpg: FAILED (Not enough lines)
frame_4964.jpg: FAILED (Not enough lines)
frame_4965.jpg: FAILED (Not enough lines)
frame_4966.jpg: FAILED (Not enough lines)
frame_4967.jpg: SKIP (Timeout: ransac_inner)
frame_4968.jpg: SKIP (Timeout: ransac_inner)
frame_4969.jpg: SKIP (Timeout: ransac_inner)
frame_4970.jpg: SKIP (Timeout: ransac_inner)
frame_4971.jpg: FAILED (Not enough lines)
frame_4972.jpg: FAILED (Not enough lines)
frame_4973.jpg: FAILED (Not enough lines)
frame_4974.jpg: FAILED (Not enough lines)
frame_4975.jpg: SKIP (Timeout: ransac_inner)
frame_4976.jpg: SKIP (Timeout: ransac_inner)
frame_4977.jpg: SKIP (Timeout: ransac_inner)
frame_4978.jpg: SKIP (Timeout: ransac_inner)
frame_4979.jpg: SKIP (Timeout: ransac_inner)
frame_4980.jpg: SKIP (Timeout: ransac_inner)
frame_4981.jpg: SKIP (Timeout: ransac_inner)
frame_4982.jpg: SKIP (Timeout: ransac_inner)
frame_4983.jpg: SKIP (Timeout: ransac_inner)
frame_4984.jpg: SKIP (Timeout: ransac_inner)
frame_4985.jpg: SKIP (Timeout: ransac_inner)
frame_4986.jpg: SKIP (Timeout: ransac_inner)
frame_4987.jpg: SKIP (Timeout: ransac_inner)
frame_4988.jpg: SKIP (Timeout: ransac_inner)
frame_4989.jpg: SKIP (Timeout: ransac_inner)
frame_4990.jpg: SKIP (Timeout: ransac_inner)
frame_4991.jpg: SKIP (Timeout: ransac_inner)
frame_4992.jpg: SKIP (Timeout: ransac_inner)
frame_4993.jpg: SKIP (Timeout: ransac_inner)
frame_4994.jpg: SKIP (Timeout: ransac_inner)
frame_4995.jpg: SKIP (Timeout: ransac_inner)
frame_4996.jpg: SKIP (Timeout: ransac_inner)
frame_4997.jpg: SKIP (Timeout: ransac_inner)
frame_4998.jpg: SKIP (Timeout: ransac_inner)
frame_4999.jpg: SKIP (Timeout: ransac_inner)
frame_5000.jpg: SKIP (Timeout: ransac_inner)
frame_5001.jpg: SKIP (Timeout: ransac_inner)
frame_5002.jpg: SKIP (Timeout: ransac_inner)
frame_5003.jpg: SKIP (Timeout: ransac_inner)
frame_5004.jpg: SKIP (Timeout: ransac_inner)
frame_5005.jpg: SKIP (Timeout: ransac_inner)
frame_5006.jpg: SKIP (Timeout: ransac_inner)
frame_5007.jpg: SKIP (Timeout: ransac_inner)
frame_5008.jpg: SKIP (Timeout: ransac_inner)
frame_5009.jpg: SKIP (Timeout: ransac_inner)
frame_5010.jpg: SKIP (Timeout: ransac_inner)
frame_5011.jpg: SKIP (Timeout: ransac_inner)
frame_5012.jpg: SKIP (Timeout: ransac_inner)
frame_5013.jpg: SKIP (Timeout: ransac_inner)
frame_5014.jpg: SKIP (Timeout: ransac_inner)
frame_5015.jpg: SKIP (Timeout: ransac_inner)
frame_5016.jpg: SKIP (Timeout: ransac_inner)
frame_5017.jpg: SKIP (Timeout: ransac_inner)
frame_5018.jpg: SKIP (Timeout: ransac_inner)
frame_5019.jpg: SKIP (Timeout: ransac_inner)
frame_5020.jpg: SKIP (Timeout: ransac_inner)
frame_5021.jpg: SKIP (Timeout: ransac_inner)
frame_5022.jpg: SKIP (Timeout: ransac_inner)
frame_5023.jpg: SKIP (Timeout: ransac_inner)
frame_5024.jpg: SKIP (Timeout: ransac_inner)
frame_5025.jpg: SKIP (Timeout: ransac_inner)
frame_5026.jpg: SKIP (Timeout: ransac_inner)
frame_5027.jpg: SKIP (Timeout: ransac_inner)
frame_5028.jpg: SKIP (Timeout: ransac_inner)
frame_5029.jpg: SKIP (Timeout: ransac_inner)
frame_5030.jpg: SKIP (Timeout: ransac_inner)
frame_5031.jpg: FAILED (Not enough lines)
frame_5032.jpg: FAILED (Not enough lines)
frame_5033.jpg: FAILED (Not enough lines)
frame_5034.jpg: FAILED (Not enough lines)
frame_5035.jpg: SKIP (Timeout: ransac_inner)
frame_5036.jpg: SKIP (Timeout: ransac_inner)
frame_5037.jpg: SKIP (Timeout: ransac_inner)
frame_5038.jpg: SKIP (Timeout: ransac_inner)
frame_5039.jpg: SKIP (Timeout: ransac_inner)
frame_5040.jpg: SKIP (Timeout: ransac_inner)
frame_5041.jpg: SKIP (Timeout: ransac_inner)
frame_5042.jpg: SKIP (Timeout: ransac_inner)
frame_5043.jpg: SKIP (Timeout: ransac_inner)
frame_5044.jpg: SKIP (Timeout: ransac_inner)
frame_5045.jpg: SKIP (Timeout: ransac_inner)
frame_5046.jpg: SKIP (Timeout: ransac_inner)
frame_5047.jpg: SKIP (Timeout: ransac_inner)
frame_5048.jpg: SKIP (Timeout: ransac_inner)
frame_5049.jpg: SKIP (Timeout: ransac_inner)
frame_5050.jpg: SKIP (Timeout: ransac_inner)
frame_5051.jpg: SKIP (Timeout: ransac_inner)
frame_5052.jpg: SKIP (Timeout: ransac_inner)
frame_5053.jpg: SKIP (Timeout: ransac_inner)
frame_5054.jpg: SKIP (Timeout: ransac_inner)
frame_5055.jpg: SKIP (Timeout: ransac_inner)
frame_5056.jpg: SKIP (Timeout: ransac_inner)
frame_5057.jpg: SKIP (Timeout: ransac_inner)
frame_5058.jpg: SKIP (Timeout: ransac_inner)
frame_5059.jpg: SKIP (Timeout: ransac_inner)
frame_5060.jpg: SKIP (Timeout: ransac_inner)
frame_5061.jpg: SKIP (Timeout: ransac_inner)
frame_5062.jpg: SKIP (Timeout: ransac_inner)
frame_5063.jpg: FAILED (Not enough lines)
frame_5064.jpg: FAILED (Not enough lines)
frame_5065.jpg: FAILED (Not enough lines)
frame_5066.jpg: FAILED (Not enough lines)
frame_5067.jpg: FAILED (Not enough lines)
frame_5068.jpg: FAILED (Not enough lines)
frame_5069.jpg: FAILED (Not enough lines)
frame_5070.jpg: FAILED (Not enough lines)
frame_5071.jpg: SKIP (Timeout: ransac_inner)
frame_5072.jpg: SKIP (Timeout: ransac_inner)
frame_5073.jpg: SKIP (Timeout: ransac_inner)
frame_5074.jpg: SKIP (Timeout: ransac_inner)
frame_5075.jpg: SKIP (Timeout: ransac_inner)
frame_5076.jpg: SKIP (Timeout: ransac_inner)
frame_5077.jpg: SKIP (Timeout: ransac_inner)
frame_5078.jpg: SKIP (Timeout: ransac_inner)
frame_5079.jpg: FAILED (Not enough lines)
frame_5080.jpg: FAILED (Not enough lines)
frame_5081.jpg: FAILED (Not enough lines)
frame_5082.jpg: FAILED (Not enough lines)
frame_5083.jpg: FAILED (Not enough lines)
frame_5084.jpg: FAILED (Not enough lines)
frame_5085.jpg: FAILED (Not enough lines)
frame_5086.jpg: FAILED (Not enough lines)
frame_5087.jpg: SKIP (Timeout: ransac_inner)
frame_5088.jpg: SKIP (Timeout: ransac_inner)
frame_5089.jpg: SKIP (Timeout: ransac_inner)
frame_5090.jpg: SKIP (Timeout: ransac_inner)
frame_5091.jpg: FAILED (Not enough lines)
frame_5092.jpg: FAILED (Not enough lines)
frame_5093.jpg: FAILED (Not enough lines)
frame_5094.jpg: FAILED (Not enough lines)
frame_5095.jpg: FAILED (Not enough lines)
frame_5096.jpg: FAILED (Not enough lines)
frame_5097.jpg: FAILED (Not enough lines)
frame_5098.jpg: FAILED (Not enough lines)
frame_5099.jpg: SKIP (Timeout: ransac_inner)
frame_5100.jpg: SKIP (Timeout: ransac_inner)
frame_5101.jpg: SKIP (Timeout: ransac_inner)
frame_5102.jpg: SKIP (Timeout: ransac_inner)
frame_5105.jpg: SKIP (Timeout: ransac_inner)
frame_5111.jpg: SKIP (Timeout: ransac_inner)
frame_5113.jpg: SKIP (Timeout: ransac_inner)
frame_5121.jpg: SKIP (Timeout: ransac_inner)
frame_5125.jpg: SKIP (Timeout: safety_margin_pre_refine)
frame_5128.jpg: SKIP (Timeout: safety_margin_pre_refine)
frame_5158.jpg: SKIP (Timeout: ransac_inner)
frame_5160.jpg: SKIP (Timeout: safety_margin_pre_refine)
frame_5162.jpg: SKIP (Timeout: safety_margin_pre_refine)
frame_5163.jpg: SKIP (Timeout: safety_margin_pre_refine)
frame_5172.jpg: SKIP (Timeout: safety_margin_pre_refine)
frame_5180.jpg: SKIP (Timeout: ransac_inner)
frame_5192.jpg: SKIP (Timeout: ransac_inner)
frame_5199.jpg: SKIP (Timeout: safety_margin_pre_refine)
frame_5215.jpg: SKIP (Timeout: safety_margin_pre_refine)
frame_5220.jpg: SKIP (Timeout: safety_margin_pre_refine)
frame_5229.jpg: SKIP (Timeout: safety_margin_pre_refine)
frame_5244.jpg: SKIP (Timeout: safety_margin_pre_refine)
frame_5250.jpg: SKIP (Timeout: ransac_inner)
frame_5254.jpg: SKIP (Timeout: safety_margin_pre_refine)
frame_5256.jpg: SKIP (Timeout: safety_margin_pre_refine)
frame_5279.jpg: SKIP (Timeout: safety_margin_pre_refine)
frame_5289.jpg: SKIP (Timeout: safety_margin_pre_refine)
frame_5303.jpg: SKIP (Timeout: safety_margin_pre_refine)
frame_5310.jpg: SKIP (Timeout: safety_margin_pre_refine)
frame_5314.jpg: SKIP (Timeout: safety_margin_pre_refine)
frame_5324.jpg: SKIP (Timeout: safety_margin_pre_refine)
frame_5337.jpg: SKIP (Timeout: ransac_inner)
frame_5374.jpg: SKIP (Timeout: safety_margin_pre_refine)
frame_5385.jpg: SKIP (Timeout: ransac_inner)
frame_5386.jpg: SKIP (Timeout: safety_margin_pre_refine)
frame_5415.jpg: SKIP (Timeout: safety_margin_pre_refine)
frame_5416.jpg: SKIP (Timeout: safety_margin_pre_refine)
frame_5430.jpg: SKIP (Timeout: safety_margin_pre_refine)
frame_5433.jpg: SKIP (Timeout: safety_margin_pre_refine)
frame_5437.jpg: SKIP (Timeout: safety_margin_pre_refine)
frame_5447.jpg: SKIP (Timeout: ransac_inner)
frame_5448.jpg: SKIP (Timeout: ransac_inner)
frame_5451.jpg: SKIP (Timeout: safety_margin_pre_refine)
frame_5452.jpg: SKIP (Timeout: ransac_inner)
frame_5454.jpg: SKIP (Timeout: safety_margin_pre_refine)
frame_5455.jpg: SKIP (Timeout: safety_margin_pre_refine)
frame_5463.jpg: SKIP (Timeout: ransac_inner)
frame_5487.jpg: SKIP (Timeout: ransac_inner)
frame_5492.jpg: SKIP (Timeout: safety_margin_pre_refine)
frame_5495.jpg: SKIP (Timeout: ransac_inner)
frame_5511.jpg: SKIP (Timeout: safety_margin_pre_refine)
frame_5515.jpg: SKIP (Timeout: safety_margin_pre_refine)
frame_5516.jpg: SKIP (Timeout: ransac_inner)
frame_5522.jpg: SKIP (Timeout: ransac_inner)
frame_5523.jpg: SKIP (Timeout: ransac_inner)
frame_5524.jpg: SKIP (Timeout: ransac_inner)
frame_5525.jpg: SKIP (Timeout: ransac_inner)
frame_5526.jpg: SKIP (Timeout: ransac_inner)
frame_5538.jpg: SKIP (Timeout: safety_margin_pre_refine)
frame_5553.jpg: SKIP (Timeout: safety_margin_pre_refine)
frame_5558.jpg: SKIP (Timeout: safety_margin_pre_refine)
frame_5559.jpg: SKIP (Timeout: safety_margin_pre_refine)
frame_5561.jpg: SKIP (Timeout: ransac_inner)
frame_5571.jpg: SKIP (Timeout: ransac_inner)
frame_5572.jpg: SKIP (Timeout: ransac_inner)
frame_5573.jpg: SKIP (Timeout: ransac_inner)
frame_5574.jpg: SKIP (Timeout: ransac_inner)
frame_5575.jpg: SKIP (Timeout: ransac_inner)
frame_5576.jpg: SKIP (Timeout: ransac_inner)
frame_5577.jpg: SKIP (Timeout: ransac_inner)
frame_5578.jpg: SKIP (Timeout: ransac_inner)
frame_5581.jpg: SKIP (Timeout: ransac_inner)
frame_5582.jpg: SKIP (Timeout: ransac_inner)
frame_5584.jpg: SKIP (Timeout: ransac_inner)
frame_5586.jpg: SKIP (Timeout: ransac_inner)
frame_5590.jpg: SKIP (Timeout: safety_margin_pre_refine)
frame_5601.jpg: SKIP (Timeout: safety_margin_pre_refine)
frame_5602.jpg: SKIP (Timeout: safety_margin_pre_refine)
frame_5605.jpg: SKIP (Timeout: ransac_inner)
frame_5625.jpg: SKIP (Timeout: ransac_inner)
frame_5626.jpg: SKIP (Timeout: ransac_inner)
frame_5627.jpg: SKIP (Timeout: ransac_inner)
frame_5629.jpg: SKIP (Timeout: ransac_inner)
frame_5632.jpg: SKIP (Timeout: safety_margin_pre_refine)
frame_5634.jpg: SKIP (Timeout: safety_margin_pre_refine)
frame_5647.jpg: SKIP (Timeout: safety_margin_pre_refine)
frame_5651.jpg: SKIP (Timeout: ransac_inner)
frame_5652.jpg: SKIP (Timeout: safety_margin_pre_refine)
frame_5653.jpg: SKIP (Timeout: safety_margin_pre_refine)
frame_5656.jpg: SKIP (Timeout: ransac_inner)
frame_5657.jpg: SKIP (Timeout: ransac_inner)
frame_5661.jpg: SKIP (Timeout: ransac_inner)
frame_5662.jpg: SKIP (Timeout: ransac_inner)
frame_5663.jpg: SKIP (Timeout: ransac_inner)
frame_5665.jpg: SKIP (Timeout: ransac_inner)
frame_5666.jpg: SKIP (Timeout: ransac_inner)
frame_5667.jpg: SKIP (Timeout: ransac_inner)
frame_5668.jpg: SKIP (Timeout: ransac_inner)
frame_5669.jpg: SKIP (Timeout: ransac_inner)
frame_5670.jpg: SKIP (Timeout: ransac_inner)
frame_5671.jpg: SKIP (Timeout: ransac_inner)
frame_5672.jpg: SKIP (Timeout: ransac_inner)
frame_5675.jpg: SKIP (Timeout: ransac_inner)
frame_5676.jpg: SKIP (Timeout: safety_margin_pre_refine)
frame_5677.jpg: SKIP (Timeout: ransac_inner)
frame_5678.jpg: SKIP (Timeout: ransac_inner)
frame_5679.jpg: SKIP (Timeout: ransac_inner)
frame_5683.jpg: SKIP (Timeout: safety_margin_pre_refine)
frame_5684.jpg: SKIP (Timeout: ransac_inner)
frame_5685.jpg: SKIP (Timeout: safety_margin_pre_refine)
frame_5686.jpg: SKIP (Timeout: ransac_inner)
frame_5687.jpg: SKIP (Timeout: ransac_inner)
frame_5688.jpg: SKIP (Timeout: ransac_inner)
frame_5689.jpg: SKIP (Timeout: ransac_inner)
frame_5690.jpg: SKIP (Timeout: ransac_inner)
frame_5691.jpg: SKIP (Timeout: ransac_inner)
frame_5692.jpg: SKIP (Timeout: ransac_inner)
frame_5693.jpg: SKIP (Timeout: ransac_inner)
frame_5694.jpg: SKIP (Timeout: ransac_inner)
frame_5695.jpg: SKIP (Timeout: ransac_inner)
frame_5696.jpg: SKIP (Timeout: ransac_inner)
frame_5697.jpg: SKIP (Timeout: ransac_inner)
frame_5698.jpg: SKIP (Timeout: ransac_inner)
frame_5699.jpg: SKIP (Timeout: ransac_inner)
frame_5700.jpg: SKIP (Timeout: ransac_inner)
frame_5701.jpg: SKIP (Timeout: ransac_inner)
frame_5702.jpg: SKIP (Timeout: ransac_inner)
frame_5703.jpg: SKIP (Timeout: ransac_inner)
frame_5704.jpg: SKIP (Timeout: ransac_inner)
frame_5705.jpg: SKIP (Timeout: ransac_inner)
frame_5706.jpg: SKIP (Timeout: ransac_inner)
frame_5707.jpg: SKIP (Timeout: ransac_inner)
frame_5708.jpg: SKIP (Timeout: safety_margin_pre_refine)
frame_5709.jpg: SKIP (Timeout: safety_margin_pre_refine)
frame_5710.jpg: SKIP (Timeout: safety_margin_pre_refine)
frame_5711.jpg: SKIP (Timeout: ransac_inner)
frame_5712.jpg: SKIP (Timeout: ransac_inner)
frame_5714.jpg: SKIP (Timeout: ransac_inner)
frame_5715.jpg: SKIP (Timeout: ransac_inner)
frame_5717.jpg: SKIP (Timeout: safety_margin_pre_refine)
frame_5718.jpg: SKIP (Timeout: safety_margin_pre_refine)
frame_5719.jpg: SKIP (Timeout: ransac_inner)
frame_5721.jpg: SKIP (Timeout: ransac_inner)
frame_5722.jpg: SKIP (Timeout: ransac_inner)
frame_5723.jpg: SKIP (Timeout: ransac_inner)
frame_5724.jpg: SKIP (Timeout: ransac_inner)
frame_5725.jpg: SKIP (Timeout: ransac_inner)
frame_5726.jpg: SKIP (Timeout: ransac_inner)
frame_5727.jpg: SKIP (Timeout: ransac_inner)
frame_5734.jpg: SKIP (Timeout: ransac_inner)
frame_5735.jpg: SKIP (Timeout: ransac_inner)
frame_5736.jpg: SKIP (Timeout: ransac_inner)
frame_5737.jpg: SKIP (Timeout: ransac_inner)
frame_5738.jpg: SKIP (Timeout: ransac_inner)
frame_5739.jpg: SKIP (Timeout: ransac_inner)
frame_5740.jpg: SKIP (Timeout: ransac_inner)
frame_5741.jpg: SKIP (Timeout: ransac_inner)
frame_5742.jpg: SKIP (Timeout: ransac_inner)
frame_5743.jpg: SKIP (Timeout: ransac_inner)
frame_5744.jpg: SKIP (Timeout: ransac_inner)
frame_5745.jpg: SKIP (Timeout: ransac_inner)
frame_5746.jpg: SKIP (Timeout: ransac_inner)
frame_5747.jpg: SKIP (Timeout: ransac_inner)
frame_5748.jpg: SKIP (Timeout: ransac_inner)
frame_5749.jpg: SKIP (Timeout: ransac_inner)
frame_5750.jpg: SKIP (Timeout: ransac_inner)
frame_5751.jpg: SKIP (Timeout: ransac_inner)
frame_5752.jpg: SKIP (Timeout: ransac_inner)
frame_5753.jpg: SKIP (Timeout: ransac_inner)
frame_5754.jpg: SKIP (Timeout: ransac_inner)
frame_5755.jpg: SKIP (Timeout: ransac_inner)
frame_5756.jpg: SKIP (Timeout: ransac_inner)
frame_5757.jpg: SKIP (Timeout: ransac_inner)
frame_5758.jpg: SKIP (Timeout: ransac_inner)
frame_5759.jpg: SKIP (Timeout: ransac_inner)
frame_5760.jpg: SKIP (Timeout: ransac_inner)
frame_5761.jpg: SKIP (Timeout: ransac_inner)
frame_5762.jpg: SKIP (Timeout: ransac_inner)
frame_5763.jpg: SKIP (Timeout: ransac_inner)
frame_5764.jpg: SKIP (Timeout: ransac_inner)
frame_5765.jpg: SKIP (Timeout: ransac_inner)
frame_5766.jpg: SKIP (Timeout: ransac_inner)
frame_5767.jpg: SKIP (Timeout: ransac_inner)
frame_5768.jpg: SKIP (Timeout: ransac_inner)
frame_5769.jpg: SKIP (Timeout: ransac_inner)
frame_5770.jpg: SKIP (Timeout: ransac_inner)
frame_5771.jpg: SKIP (Timeout: ransac_inner)
frame_5772.jpg: SKIP (Timeout: ransac_inner)
frame_5773.jpg: SKIP (Timeout: ransac_inner)
frame_5774.jpg: SKIP (Timeout: ransac_inner)
frame_5775.jpg: SKIP (Timeout: ransac_inner)
frame_5776.jpg: SKIP (Timeout: ransac_inner)
frame_5777.jpg: SKIP (Timeout: ransac_inner)
frame_5778.jpg: SKIP (Timeout: ransac_inner)
frame_5779.jpg: SKIP (Timeout: ransac_inner)
frame_5780.jpg: SKIP (Timeout: ransac_inner)
frame_5781.jpg: SKIP (Timeout: ransac_inner)
frame_5782.jpg: SKIP (Timeout: ransac_inner)
frame_5783.jpg: SKIP (Timeout: ransac_inner)
frame_5784.jpg: SKIP (Timeout: ransac_inner)
frame_5785.jpg: SKIP (Timeout: ransac_inner)
frame_5786.jpg: SKIP (Timeout: ransac_inner)
frame_5787.jpg: SKIP (Timeout: ransac_inner)
frame_5788.jpg: SKIP (Timeout: ransac_inner)
frame_5789.jpg: SKIP (Timeout: ransac_inner)
frame_5790.jpg: SKIP (Timeout: ransac_inner)
frame_5791.jpg: SKIP (Timeout: ransac_inner)
frame_5792.jpg: SKIP (Timeout: ransac_inner)
frame_5793.jpg: SKIP (Timeout: ransac_inner)
frame_5794.jpg: SKIP (Timeout: ransac_inner)
frame_5795.jpg: SKIP (Timeout: ransac_inner)
frame_5796.jpg: SKIP (Timeout: ransac_inner)
frame_5797.jpg: SKIP (Timeout: ransac_inner)
frame_5798.jpg: SKIP (Timeout: ransac_inner)
frame_5799.jpg: SKIP (Timeout: ransac_inner)
frame_5800.jpg: SKIP (Timeout: ransac_inner)
frame_5801.jpg: SKIP (Timeout: ransac_inner)
frame_5802.jpg: SKIP (Timeout: ransac_inner)
frame_5803.jpg: SKIP (Timeout: ransac_inner)
frame_5804.jpg: SKIP (Timeout: ransac_inner)
frame_5805.jpg: SKIP (Timeout: ransac_inner)
frame_5806.jpg: SKIP (Timeout: ransac_inner)
frame_5807.jpg: SKIP (Timeout: ransac_inner)
frame_5808.jpg: SKIP (Timeout: ransac_inner)
frame_5809.jpg: SKIP (Timeout: ransac_inner)
frame_5810.jpg: SKIP (Timeout: ransac_inner)
frame_5811.jpg: SKIP (Timeout: ransac_inner)
frame_5812.jpg: SKIP (Timeout: ransac_inner)
frame_5813.jpg: SKIP (Timeout: ransac_inner)
frame_5814.jpg: SKIP (Timeout: ransac_inner)
frame_5815.jpg: SKIP (Timeout: ransac_inner)
frame_5816.jpg: SKIP (Timeout: ransac_inner)
frame_5817.jpg: SKIP (Timeout: ransac_inner)
frame_5818.jpg: SKIP (Timeout: ransac_inner)
frame_5819.jpg: SKIP (Timeout: ransac_inner)
frame_5820.jpg: SKIP (Timeout: ransac_inner)
frame_5821.jpg: SKIP (Timeout: ransac_inner)
frame_5822.jpg: SKIP (Timeout: ransac_inner)
frame_5823.jpg: SKIP (Timeout: ransac_inner)
frame_5824.jpg: SKIP (Timeout: ransac_inner)
frame_5825.jpg: SKIP (Timeout: ransac_inner)
frame_5826.jpg: SKIP (Timeout: ransac_inner)
frame_5827.jpg: SKIP (Timeout: ransac_inner)
frame_5828.jpg: SKIP (Timeout: ransac_inner)
frame_5829.jpg: SKIP (Timeout: ransac_inner)
frame_5830.jpg: SKIP (Timeout: ransac_inner)
frame_5831.jpg: SKIP (Timeout: ransac_inner)
frame_5832.jpg: SKIP (Timeout: ransac_inner)
frame_5833.jpg: SKIP (Timeout: ransac_inner)
frame_5834.jpg: SKIP (Timeout: ransac_inner)
frame_5835.jpg: SKIP (Timeout: ransac_inner)
frame_5836.jpg: SKIP (Timeout: ransac_inner)
frame_5837.jpg: SKIP (Timeout: ransac_inner)
frame_5838.jpg: SKIP (Timeout: ransac_inner)
frame_5839.jpg: SKIP (Timeout: ransac_inner)
frame_5840.jpg: SKIP (Timeout: ransac_inner)
frame_5841.jpg: SKIP (Timeout: ransac_inner)
frame_5842.jpg: SKIP (Timeout: ransac_inner)
frame_5843.jpg: SKIP (Timeout: ransac_inner)
frame_5844.jpg: SKIP (Timeout: ransac_inner)
frame_5845.jpg: SKIP (Timeout: ransac_inner)
frame_5846.jpg: SKIP (Timeout: ransac_inner)
frame_5847.jpg: SKIP (Timeout: ransac_inner)
frame_5848.jpg: SKIP (Timeout: ransac_inner)
frame_5849.jpg: SKIP (Timeout: ransac_inner)
frame_5850.jpg: SKIP (Timeout: ransac_inner)
frame_5851.jpg: SKIP (Timeout: ransac_inner)
frame_5852.jpg: SKIP (Timeout: ransac_inner)
frame_5853.jpg: SKIP (Timeout: ransac_inner)
frame_5854.jpg: SKIP (Timeout: ransac_inner)
frame_5855.jpg: SKIP (Timeout: ransac_inner)
frame_5856.jpg: SKIP (Timeout: ransac_inner)
frame_5857.jpg: SKIP (Timeout: ransac_inner)
frame_5858.jpg: SKIP (Timeout: ransac_inner)
frame_5859.jpg: SKIP (Timeout: ransac_inner)
frame_5860.jpg: SKIP (Timeout: ransac_inner)
frame_5861.jpg: SKIP (Timeout: ransac_inner)
frame_5862.jpg: SKIP (Timeout: ransac_inner)
frame_5863.jpg: SKIP (Timeout: ransac_inner)
frame_5864.jpg: SKIP (Timeout: ransac_inner)
frame_5865.jpg: SKIP (Timeout: ransac_inner)
frame_5866.jpg: SKIP (Timeout: ransac_inner)
frame_5867.jpg: SKIP (Timeout: ransac_inner)
frame_5868.jpg: SKIP (Timeout: ransac_inner)
frame_5869.jpg: SKIP (Timeout: ransac_inner)
frame_5870.jpg: SKIP (Timeout: ransac_inner)
frame_5871.jpg: SKIP (Timeout: ransac_inner)
frame_5872.jpg: SKIP (Timeout: ransac_inner)
frame_5873.jpg: SKIP (Timeout: ransac_inner)
frame_5874.jpg: SKIP (Timeout: ransac_inner)
frame_5875.jpg: SKIP (Timeout: ransac_inner)
frame_5876.jpg: SKIP (Timeout: ransac_inner)
frame_5877.jpg: SKIP (Timeout: ransac_inner)
frame_5878.jpg: SKIP (Timeout: ransac_inner)
frame_5888.jpg: SKIP (Timeout: safety_margin_pre_refine)
frame_5891.jpg: SKIP (Timeout: ransac_inner)
frame_5892.jpg: SKIP (Timeout: safety_margin_pre_refine)
frame_5894.jpg: SKIP (Timeout: ransac_inner)
frame_5895.jpg: SKIP (Timeout: safety_margin_pre_refine)
frame_5896.jpg: SKIP (Timeout: safety_margin_pre_refine)
frame_5897.jpg: SKIP (Timeout: ransac_inner)
frame_5899.jpg: SKIP (Timeout: safety_margin_pre_refine)
frame_5918.jpg: SKIP (Timeout: safety_margin_pre_refine)
frame_5944.jpg: SKIP (Timeout: safety_margin_pre_refine)
frame_5971.jpg: SKIP (Timeout: safety_margin_pre_refine)
frame_5972.jpg: SKIP (Timeout: safety_margin_pre_refine)
frame_5983.jpg: SKIP (Timeout: safety_margin_pre_refine)
frame_5993.jpg: SKIP (Timeout: safety_margin_pre_refine)
frame_5995.jpg: SKIP (Timeout: ransac_inner)
frame_5996.jpg: SKIP (Timeout: safety_margin_pre_refine)
frame_6015.jpg: SKIP (Timeout: safety_margin_pre_refine)
frame_6025.jpg: SKIP (Timeout: ransac_inner)
frame_6039.jpg: SKIP (Timeout: safety_margin_pre_refine)
frame_6042.jpg: SKIP (Timeout: safety_margin_pre_refine)
frame_6085.jpg: SKIP (Timeout: safety_margin_pre_refine)
frame_6089.jpg: SKIP (Timeout: ransac_inner)
frame_6099.jpg: SKIP (Timeout: safety_margin_pre_refine)
frame_6109.jpg: SKIP (Timeout: safety_margin_pre_refine)
frame_6116.jpg: SKIP (Timeout: safety_margin_pre_refine)
frame_6119.jpg: SKIP (Timeout: safety_margin_pre_refine)
frame_6128.jpg: SKIP (Timeout: safety_margin_pre_refine)
frame_6129.jpg: SKIP (Timeout: safety_margin_pre_refine)
frame_6140.jpg: SKIP (Timeout: ransac_inner)
frame_6144.jpg: SKIP (Timeout: safety_margin_pre_refine)
frame_6152.jpg: SKIP (Timeout: ransac_inner)
frame_6170.jpg: SKIP (Timeout: safety_margin_pre_refine)
frame_6176.jpg: SKIP (Timeout: safety_margin_pre_refine)
frame_6183.jpg: SKIP (Timeout: safety_margin_pre_refine)
frame_6200.jpg: SKIP (Timeout: ransac_inner)
frame_6215.jpg: SKIP (Timeout: safety_margin_pre_refine)
frame_6219.jpg: SKIP (Timeout: safety_margin_pre_refine)
frame_6222.jpg: SKIP (Timeout: safety_margin_pre_refine)
frame_6275.jpg: SKIP (Timeout: ransac_inner)
frame_6277.jpg: SKIP (Timeout: ransac_inner)
frame_6279.jpg: SKIP (Timeout: ransac_inner)
frame_6280.jpg: SKIP (Timeout: safety_margin_pre_refine)
frame_6281.jpg: SKIP (Timeout: ransac_inner)
frame_6283.jpg: SKIP (Timeout: safety_margin_pre_refine)
frame_6284.jpg: SKIP (Timeout: ransac_inner)
frame_6285.jpg: SKIP (Timeout: ransac_inner)
frame_6286.jpg: SKIP (Timeout: ransac_inner)
frame_6288.jpg: SKIP (Timeout: ransac_inner)
frame_6295.jpg: SKIP (Timeout: ransac_inner)
frame_6296.jpg: SKIP (Timeout: ransac_inner)
frame_6297.jpg: SKIP (Timeout: ransac_inner)
frame_6300.jpg: SKIP (Timeout: safety_margin_pre_refine)
frame_6301.jpg: SKIP (Timeout: ransac_inner)
frame_6302.jpg: SKIP (Timeout: ransac_inner)
frame_6303.jpg: SKIP (Timeout: ransac_inner)
frame_6304.jpg: SKIP (Timeout: ransac_inner)
frame_6305.jpg: SKIP (Timeout: ransac_inner)
frame_6306.jpg: SKIP (Timeout: ransac_inner)
frame_6307.jpg: SKIP (Timeout: ransac_inner)
frame_6308.jpg: SKIP (Timeout: ransac_inner)
frame_6309.jpg: SKIP (Timeout: ransac_inner)
frame_6310.jpg: SKIP (Timeout: ransac_inner)
frame_6311.jpg: SKIP (Timeout: ransac_inner)
frame_6312.jpg: SKIP (Timeout: ransac_inner)
frame_6313.jpg: SKIP (Timeout: ransac_inner)
frame_6314.jpg: SKIP (Timeout: ransac_inner)
frame_6315.jpg: SKIP (Timeout: ransac_inner)
frame_6316.jpg: SKIP (Timeout: ransac_inner)
frame_6317.jpg: SKIP (Timeout: ransac_inner)
frame_6318.jpg: SKIP (Timeout: ransac_inner)
frame_6319.jpg: SKIP (Timeout: ransac_inner)
frame_6320.jpg: SKIP (Timeout: ransac_inner)
frame_6321.jpg: SKIP (Timeout: ransac_inner)
frame_6322.jpg: SKIP (Timeout: ransac_inner)
frame_6323.jpg: SKIP (Timeout: ransac_inner)
frame_6324.jpg: SKIP (Timeout: ransac_inner)
frame_6325.jpg: SKIP (Timeout: ransac_inner)
frame_6326.jpg: SKIP (Timeout: ransac_inner)
frame_6327.jpg: SKIP (Timeout: ransac_inner)
frame_6328.jpg: SKIP (Timeout: ransac_inner)
frame_6329.jpg: SKIP (Timeout: ransac_inner)
frame_6330.jpg: SKIP (Timeout: ransac_inner)
frame_6331.jpg: SKIP (Timeout: ransac_inner)
frame_6332.jpg: SKIP (Timeout: ransac_inner)
frame_6333.jpg: SKIP (Timeout: ransac_inner)
frame_6334.jpg: SKIP (Timeout: ransac_inner)
frame_6335.jpg: SKIP (Timeout: ransac_inner)
frame_6336.jpg: SKIP (Timeout: ransac_inner)
frame_6337.jpg: SKIP (Timeout: ransac_inner)
frame_6338.jpg: SKIP (Timeout: ransac_inner)
frame_6355.jpg: SKIP (Timeout: safety_margin_pre_refine)
frame_6356.jpg: SKIP (Timeout: safety_margin_pre_refine)
frame_6372.jpg: SKIP (Timeout: safety_margin_pre_refine)
frame_6373.jpg: SKIP (Timeout: safety_margin_pre_refine)
frame_6377.jpg: SKIP (Timeout: safety_margin_pre_refine)
frame_6379.jpg: SKIP (Timeout: safety_margin_pre_refine)
frame_6388.jpg: SKIP (Timeout: ransac_inner)
frame_6389.jpg: SKIP (Timeout: ransac_inner)
frame_6391.jpg: SKIP (Timeout: ransac_inner)
frame_6402.jpg: SKIP (Timeout: safety_margin_pre_refine)
frame_6415.jpg: SKIP (Timeout: safety_margin_pre_refine)
frame_6421.jpg: SKIP (Timeout: safety_margin_pre_refine)
frame_6426.jpg: SKIP (Timeout: safety_margin_pre_refine)
frame_6428.jpg: SKIP (Seg Slow)
frame_6434.jpg: SKIP (Timeout: ransac_inner)
frame_6436.jpg: SKIP (Timeout: safety_margin_pre_refine)
frame_6437.jpg: SKIP (Timeout: safety_margin_pre_refine)
frame_6438.jpg: SKIP (Timeout: ransac_inner)
frame_6444.jpg: SKIP (Timeout: ransac_inner)
frame_6445.jpg: SKIP (Timeout: safety_margin_pre_refine)
frame_6446.jpg: SKIP (Timeout: ransac_inner)
frame_6452.jpg: SKIP (Timeout: safety_margin_pre_refine)
frame_6457.jpg: SKIP (Timeout: ransac_inner)
frame_6460.jpg: SKIP (Timeout: safety_margin_pre_refine)
frame_6468.jpg: SKIP (Timeout: safety_margin_pre_refine)
frame_6471.jpg: SKIP (Timeout: safety_margin_pre_refine)
frame_6487.jpg: SKIP (Timeout: safety_margin_pre_refine)
frame_6499.jpg: FAILED (Not enough lines)
frame_6500.jpg: FAILED (Not enough lines)
frame_6501.jpg: FAILED (Not enough lines)
frame_6502.jpg: FAILED (Not enough lines)
frame_6503.jpg: FAILED (Not enough lines)
frame_6504.jpg: FAILED (Not enough lines)
frame_6505.jpg: FAILED (Not enough lines)
frame_6506.jpg: FAILED (Not enough lines)
frame_6507.jpg: SKIP (Cut Off (15.3% > 5.0%))
frame_6508.jpg: SKIP (Cut Off (15.3% > 5.0%))
frame_6509.jpg: SKIP (Cut Off (15.3% > 5.0%))
frame_6510.jpg: SKIP (Cut Off (15.3% > 5.0%))
frame_6511.jpg: SKIP (Cut Off (15.3% > 5.0%))
frame_6512.jpg: SKIP (Cut Off (13.4% > 5.0%))
frame_6513.jpg: SKIP (Cut Off (13.4% > 5.0%))
frame_6514.jpg: SKIP (Cut Off (13.4% > 5.0%))
frame_6515.jpg: SKIP (Cut Off (13.4% > 5.0%))
frame_6516.jpg: SKIP (Cut Off (21.8% > 5.0%))
frame_6517.jpg: SKIP (Cut Off (21.8% > 5.0%))
frame_6518.jpg: SKIP (Cut Off (21.8% > 5.0%))
frame_6519.jpg: SKIP (Cut Off (21.8% > 5.0%))
frame_6520.jpg: SKIP (Cut Off (19.8% > 5.0%))
frame_6521.jpg: SKIP (Cut Off (19.8% > 5.0%))
frame_6522.jpg: SKIP (Cut Off (19.8% > 5.0%))
frame_6523.jpg: SKIP (Cut Off (19.8% > 5.0%))
frame_6524.jpg: SKIP (Cut Off (21.2% > 5.0%))
frame_6525.jpg: SKIP (Cut Off (21.2% > 5.0%))
frame_6526.jpg: SKIP (Cut Off (21.2% > 5.0%))
frame_6527.jpg: SKIP (Cut Off (21.2% > 5.0%))
frame_6528.jpg: SKIP (Cut Off (24.3% > 5.0%))
frame_6529.jpg: SKIP (Cut Off (24.3% > 5.0%))
frame_6530.jpg: SKIP (Cut Off (24.3% > 5.0%))
frame_6531.jpg: SKIP (Cut Off (24.3% > 5.0%))
frame_6532.jpg: SKIP (Cut Off (25.6% > 5.0%))
frame_6533.jpg: SKIP (Cut Off (25.6% > 5.0%))
frame_6534.jpg: SKIP (Cut Off (25.6% > 5.0%))
frame_6535.jpg: SKIP (Cut Off (25.6% > 5.0%))
frame_6536.jpg: SKIP (Cut Off (35.9% > 5.0%))
frame_6537.jpg: SKIP (Cut Off (35.9% > 5.0%))
frame_6538.jpg: SKIP (Cut Off (35.9% > 5.0%))
frame_6539.jpg: SKIP (Cut Off (35.9% > 5.0%))
frame_6540.jpg: SKIP (Cut Off (30.6% > 5.0%))
frame_6541.jpg: SKIP (Cut Off (30.6% > 5.0%))
frame_6542.jpg: SKIP (Cut Off (30.6% > 5.0%))
frame_6543.jpg: SKIP (Cut Off (30.6% > 5.0%))
frame_6544.jpg: SKIP (Cut Off (31.3% > 5.0%))
frame_6545.jpg: SKIP (Cut Off (31.3% > 5.0%))
frame_6546.jpg: SKIP (Cut Off (31.3% > 5.0%))
frame_6547.jpg: SKIP (Cut Off (31.3% > 5.0%))
frame_6548.jpg: SKIP (Cut Off (38.2% > 5.0%))
frame_6549.jpg: SKIP (Cut Off (38.2% > 5.0%))
frame_6550.jpg: SKIP (Cut Off (38.2% > 5.0%))
frame_6551.jpg: SKIP (Cut Off (38.2% > 5.0%))
frame_6552.jpg: SKIP (Cut Off (37.8% > 5.0%))
frame_6553.jpg: SKIP (Cut Off (37.8% > 5.0%))
frame_6554.jpg: SKIP (Cut Off (37.8% > 5.0%))
frame_6555.jpg: SKIP (Cut Off (37.8% > 5.0%))
frame_6556.jpg: SKIP (Cut Off (37.7% > 5.0%))
frame_6557.jpg: SKIP (Cut Off (37.7% > 5.0%))
frame_6558.jpg: SKIP (Cut Off (37.7% > 5.0%))
frame_6559.jpg: SKIP (Cut Off (37.7% > 5.0%))
frame_6560.jpg: SKIP (Cut Off (37.2% > 5.0%))
frame_6561.jpg: SKIP (Cut Off (37.2% > 5.0%))
frame_6562.jpg: SKIP (Cut Off (37.2% > 5.0%))
frame_6563.jpg: SKIP (Cut Off (37.2% > 5.0%))
frame_6564.jpg: SKIP (Cut Off (37.4% > 5.0%))
frame_6565.jpg: SKIP (Cut Off (37.4% > 5.0%))
frame_6566.jpg: SKIP (Cut Off (37.4% > 5.0%))
frame_6567.jpg: SKIP (Cut Off (37.4% > 5.0%))
frame_6568.jpg: SKIP (Cut Off (32.2% > 5.0%))
frame_6569.jpg: SKIP (Cut Off (32.2% > 5.0%))
frame_6570.jpg: SKIP (Cut Off (32.2% > 5.0%))
frame_6571.jpg: SKIP (Cut Off (32.2% > 5.0%))
frame_6572.jpg: SKIP (Cut Off (30.0% > 5.0%))
frame_6573.jpg: SKIP (Cut Off (30.0% > 5.0%))
frame_6574.jpg: SKIP (Cut Off (30.0% > 5.0%))
frame_6575.jpg: SKIP (Cut Off (30.0% > 5.0%))
frame_6576.jpg: SKIP (Cut Off (29.0% > 5.0%))
frame_6577.jpg: SKIP (Cut Off (29.0% > 5.0%))
frame_6578.jpg: SKIP (Cut Off (29.0% > 5.0%))
frame_6579.jpg: SKIP (Cut Off (29.0% > 5.0%))
frame_6580.jpg: SKIP (Cut Off (27.5% > 5.0%))
frame_6581.jpg: SKIP (Cut Off (27.5% > 5.0%))
frame_6582.jpg: SKIP (Cut Off (27.5% > 5.0%))
frame_6583.jpg: SKIP (Cut Off (27.5% > 5.0%))
frame_6584.jpg: SKIP (Cut Off (26.9% > 5.0%))
frame_6585.jpg: SKIP (Cut Off (26.9% > 5.0%))
frame_6586.jpg: SKIP (Cut Off (26.9% > 5.0%))
frame_6587.jpg: SKIP (Cut Off (26.9% > 5.0%))
frame_6588.jpg: SKIP (Cut Off (18.1% > 5.0%))
frame_6589.jpg: SKIP (Cut Off (18.1% > 5.0%))
frame_6590.jpg: SKIP (Cut Off (18.1% > 5.0%))
frame_6591.jpg: SKIP (Cut Off (18.1% > 5.0%))
frame_6592.jpg: SKIP (Cut Off (23.4% > 5.0%))
frame_6593.jpg: SKIP (Cut Off (23.4% > 5.0%))
frame_6594.jpg: SKIP (Cut Off (23.4% > 5.0%))
frame_6595.jpg: SKIP (Cut Off (36.6% > 5.0%))
frame_6596.jpg: SKIP (Cut Off (36.6% > 5.0%))
frame_6597.jpg: SKIP (Cut Off (36.6% > 5.0%))
frame_6598.jpg: SKIP (Cut Off (36.6% > 5.0%))
frame_6599.jpg: SKIP (Cut Off (28.5% > 5.0%))
frame_6600.jpg: SKIP (Cut Off (28.5% > 5.0%))
frame_6601.jpg: SKIP (Cut Off (28.5% > 5.0%))
frame_6602.jpg: SKIP (Cut Off (28.5% > 5.0%))
frame_6603.jpg: SKIP (Cut Off (21.3% > 5.0%))
frame_6604.jpg: SKIP (Cut Off (21.3% > 5.0%))
frame_6605.jpg: SKIP (Cut Off (21.3% > 5.0%))
frame_6606.jpg: SKIP (Cut Off (21.3% > 5.0%))
frame_6607.jpg: SKIP (Cut Off (21.2% > 5.0%))
frame_6608.jpg: SKIP (Cut Off (21.2% > 5.0%))
frame_6609.jpg: SKIP (Cut Off (21.2% > 5.0%))
frame_6610.jpg: SKIP (Cut Off (21.2% > 5.0%))
frame_6611.jpg: SKIP (Cut Off (18.3% > 5.0%))
frame_6612.jpg: SKIP (Cut Off (18.3% > 5.0%))
frame_6613.jpg: SKIP (Cut Off (18.3% > 5.0%))
frame_6614.jpg: SKIP (Cut Off (18.3% > 5.0%))
frame_6615.jpg: SKIP (Cut Off (16.1% > 5.0%))
frame_6616.jpg: SKIP (Cut Off (16.1% > 5.0%))
frame_6617.jpg: SKIP (Cut Off (16.1% > 5.0%))
frame_6618.jpg: SKIP (Cut Off (16.1% > 5.0%))
frame_6619.jpg: SKIP (Cut Off (22.3% > 5.0%))
frame_6620.jpg: SKIP (Cut Off (22.3% > 5.0%))
frame_6621.jpg: SKIP (Cut Off (22.3% > 5.0%))
frame_6622.jpg: SKIP (Cut Off (22.3% > 5.0%))
frame_6623.jpg: SKIP (Cut Off (22.3% > 5.0%))
frame_6624.jpg: SKIP (Cut Off (18.4% > 5.0%))
frame_6625.jpg: SKIP (Cut Off (18.4% > 5.0%))
frame_6626.jpg: SKIP (Cut Off (18.4% > 5.0%))
frame_6627.jpg: SKIP (Cut Off (18.4% > 5.0%))
frame_6628.jpg: SKIP (Cut Off (19.6% > 5.0%))
frame_6629.jpg: SKIP (Cut Off (19.6% > 5.0%))
frame_6630.jpg: SKIP (Cut Off (19.6% > 5.0%))
frame_6631.jpg: SKIP (Cut Off (19.6% > 5.0%))
frame_6632.jpg: SKIP (Cut Off (21.8% > 5.0%))
frame_6633.jpg: SKIP (Cut Off (21.8% > 5.0%))
frame_6634.jpg: SKIP (Cut Off (21.8% > 5.0%))
frame_6635.jpg: SKIP (Cut Off (21.8% > 5.0%))
frame_6636.jpg: SKIP (Cut Off (16.0% > 5.0%))
frame_6637.jpg: SKIP (Cut Off (16.0% > 5.0%))
frame_6638.jpg: SKIP (Cut Off (16.0% > 5.0%))
frame_6639.jpg: SKIP (Cut Off (16.0% > 5.0%))
frame_6640.jpg: SKIP (Cut Off (8.0% > 5.0%))
frame_6641.jpg: SKIP (Cut Off (8.0% > 5.0%))
frame_6642.jpg: SKIP (Cut Off (8.0% > 5.0%))
frame_6643.jpg: SKIP (Cut Off (8.0% > 5.0%))
frame_6644.jpg: SKIP (Cut Off (9.3% > 5.0%))
frame_6645.jpg: SKIP (Cut Off (9.3% > 5.0%))
frame_6646.jpg: SKIP (Cut Off (9.3% > 5.0%))
frame_6647.jpg: SKIP (Cut Off (9.3% > 5.0%))
frame_6648.jpg: SKIP (Cut Off (11.8% > 5.0%))
frame_6649.jpg: SKIP (Cut Off (11.8% > 5.0%))
frame_6650.jpg: SKIP (Cut Off (11.8% > 5.0%))
frame_6651.jpg: SKIP (Cut Off (11.8% > 5.0%))
frame_6652.jpg: SKIP (Cut Off (11.9% > 5.0%))
frame_6653.jpg: SKIP (Cut Off (11.9% > 5.0%))
frame_6654.jpg: SKIP (Cut Off (11.9% > 5.0%))
frame_6655.jpg: SKIP (Cut Off (11.9% > 5.0%))
frame_6656.jpg: SKIP (Cut Off (8.3% > 5.0%))
frame_6657.jpg: SKIP (Cut Off (8.3% > 5.0%))
frame_6658.jpg: SKIP (Cut Off (8.3% > 5.0%))
frame_6659.jpg: SKIP (Cut Off (8.3% > 5.0%))
frame_6660.jpg: SKIP (Cut Off (6.5% > 5.0%))
frame_6661.jpg: SKIP (Cut Off (6.5% > 5.0%))
frame_6662.jpg: SKIP (Cut Off (6.5% > 5.0%))
frame_6663.jpg: SKIP (Cut Off (6.5% > 5.0%))
frame_6664.jpg: FAILED (Not enough lines)
frame_6665.jpg: FAILED (Not enough lines)
frame_6666.jpg: FAILED (Not enough lines)
frame_6667.jpg: FAILED (Not enough lines)
frame_6668.jpg: FAILED (Not enough lines)
frame_6669.jpg: FAILED (Not enough lines)
frame_6670.jpg: FAILED (Not enough lines)
frame_6671.jpg: FAILED (Not enough lines)
frame_6672.jpg: FAILED (Not enough lines)
frame_6673.jpg: FAILED (Not enough lines)
frame_6674.jpg: FAILED (Not enough lines)
frame_6675.jpg: FAILED (Not enough lines)
frame_6676.jpg: FAILED (Not enough lines)
frame_6677.jpg: FAILED (Not enough lines)
frame_6678.jpg: FAILED (Not enough lines)
frame_6679.jpg: FAILED (Not enough lines)
frame_6680.jpg: SKIP (Timeout: ransac_inner)
frame_6681.jpg: SKIP (Timeout: ransac_inner)
frame_6682.jpg: SKIP (Timeout: ransac_inner)
frame_6683.jpg: SKIP (Timeout: ransac_inner)
frame_6702.jpg: SKIP (Timeout: safety_margin_pre_refine)
frame_6716.jpg: SKIP (Timeout: safety_margin_pre_refine)
frame_6728.jpg: SKIP (Timeout: ransac_inner)
frame_6729.jpg: SKIP (Timeout: ransac_inner)
frame_6735.jpg: SKIP (Timeout: safety_margin_pre_refine)
frame_6767.jpg: SKIP (Timeout: ransac_inner)
frame_6768.jpg: SKIP (Timeout: safety_margin_pre_refine)
frame_6775.jpg: SKIP (Timeout: safety_margin_pre_refine)
frame_6787.jpg: SKIP (Timeout: safety_margin_pre_refine)
frame_6801.jpg: SKIP (Timeout: safety_margin_pre_refine)
frame_6804.jpg: SKIP (Timeout: safety_margin_pre_refine)
frame_6811.jpg: SKIP (Timeout: safety_margin_pre_refine)
frame_6817.jpg: SKIP (Timeout: safety_margin_pre_refine)
frame_6840.jpg: SKIP (Timeout: ransac_inner)
frame_6845.jpg: SKIP (Timeout: ransac_inner)
frame_6846.jpg: SKIP (Timeout: safety_margin_pre_refine)
frame_6849.jpg: SKIP (Timeout: safety_margin_pre_refine)
frame_6851.jpg: SKIP (Timeout: safety_margin_pre_refine)
frame_6853.jpg: SKIP (Timeout: ransac_inner)
frame_6861.jpg: SKIP (Timeout: safety_margin_pre_refine)
frame_6873.jpg: SKIP (Timeout: ransac_inner)
frame_6884.jpg: SKIP (Timeout: ransac_inner)
frame_6899.jpg: SKIP (Timeout: ransac_inner)
frame_6901.jpg: SKIP (Timeout: safety_margin_pre_refine)
frame_6904.jpg: SKIP (Timeout: safety_margin_pre_refine)
frame_6908.jpg: SKIP (Timeout: safety_margin_pre_refine)
frame_6912.jpg: SKIP (Timeout: ransac_inner)
frame_6938.jpg: SKIP (Timeout: safety_margin_pre_refine)
frame_6940.jpg: SKIP (Timeout: ransac_inner)
frame_6949.jpg: SKIP (Timeout: safety_margin_pre_refine)
frame_6954.jpg: SKIP (Timeout: safety_margin_pre_refine)
frame_6955.jpg: SKIP (Timeout: safety_margin_pre_refine)
frame_6956.jpg: SKIP (Timeout: safety_margin_pre_refine)
frame_6962.jpg: SKIP (Timeout: safety_margin_pre_refine)
frame_6969.jpg: SKIP (Timeout: safety_margin_pre_refine)
frame_6977.jpg: SKIP (Timeout: safety_margin_pre_refine)
frame_6978.jpg: SKIP (Timeout: safety_margin_pre_refine)
frame_6980.jpg: SKIP (Timeout: ransac_inner)
frame_6987.jpg: SKIP (Timeout: safety_margin_pre_refine)
frame_6988.jpg: SKIP (Timeout: safety_margin_pre_refine)
frame_6997.jpg: SKIP (Timeout: safety_margin_pre_refine)
frame_6998.jpg: SKIP (Timeout: ransac_inner)
frame_7002.jpg: SKIP (Timeout: ransac_inner)
frame_7004.jpg: SKIP (Timeout: safety_margin_pre_refine)
frame_7005.jpg: SKIP (Timeout: ransac_inner)
frame_7020.jpg: SKIP (Timeout: ransac_inner)
frame_7025.jpg: SKIP (Timeout: safety_margin_pre_refine)
frame_7026.jpg: SKIP (Timeout: safety_margin_pre_refine)
frame_7028.jpg: SKIP (Timeout: ransac_inner)
frame_7033.jpg: SKIP (Timeout: ransac_inner)
frame_7034.jpg: SKIP (Timeout: safety_margin_pre_refine)
frame_7036.jpg: SKIP (Timeout: ransac_inner)
frame_7040.jpg: SKIP (Timeout: safety_margin_pre_refine)
frame_7044.jpg: SKIP (Timeout: ransac_inner)
frame_7045.jpg: SKIP (Timeout: safety_margin_pre_refine)
frame_7048.jpg: SKIP (Timeout: safety_margin_pre_refine)
frame_7049.jpg: SKIP (Timeout: ransac_inner)
frame_7052.jpg: SKIP (Timeout: safety_margin_pre_refine)
frame_7058.jpg: SKIP (Timeout: safety_margin_pre_refine)
frame_7061.jpg: SKIP (Timeout: safety_margin_pre_refine)
frame_7068.jpg: SKIP (Timeout: safety_margin_pre_refine)
frame_7071.jpg: SKIP (Timeout: ransac_inner)
frame_7075.jpg: SKIP (Timeout: safety_margin_pre_refine)
frame_7079.jpg: SKIP (Timeout: safety_margin_pre_refine)
frame_7084.jpg: SKIP (Timeout: safety_margin_pre_refine)
frame_7087.jpg: SKIP (Timeout: safety_margin_pre_refine)
frame_7088.jpg: SKIP (Timeout: safety_margin_pre_refine)
frame_7104.jpg: SKIP (Timeout: ransac_inner)
frame_7106.jpg: SKIP (Timeout: ransac_inner)
frame_7110.jpg: SKIP (Timeout: ransac_inner)
frame_7111.jpg: SKIP (Timeout: ransac_inner)
frame_7114.jpg: SKIP (Timeout: safety_margin_pre_refine)
frame_7116.jpg: SKIP (Timeout: ransac_inner)
frame_7120.jpg: SKIP (Timeout: safety_margin_pre_refine)
frame_7121.jpg: SKIP (Timeout: ransac_inner)
frame_7126.jpg: SKIP (Timeout: safety_margin_pre_refine)
frame_7130.jpg: SKIP (Timeout: safety_margin_pre_refine)
frame_7131.jpg: SKIP (Timeout: safety_margin_pre_refine)
frame_7134.jpg: SKIP (Timeout: safety_margin_pre_refine)
frame_7140.jpg: SKIP (Timeout: safety_margin_pre_refine)
frame_7143.jpg: SKIP (Timeout: safety_margin_pre_refine)
frame_7146.jpg: SKIP (Timeout: safety_margin_pre_refine)
frame_7150.jpg: SKIP (Timeout: ransac_inner)
frame_7152.jpg: SKIP (Timeout: safety_margin_pre_refine)
frame_7160.jpg: SKIP (Timeout: safety_margin_pre_refine)
frame_7168.jpg: SKIP (Timeout: safety_margin_pre_refine)
frame_7173.jpg: SKIP (Timeout: ransac_inner)
frame_7174.jpg: SKIP (Timeout: ransac_inner)
frame_7175.jpg: SKIP (Timeout: ransac_inner)
frame_7176.jpg: SKIP (Timeout: safety_margin_pre_refine)
frame_7177.jpg: SKIP (Timeout: ransac_inner)
frame_7178.jpg: SKIP (Timeout: ransac_inner)
frame_7179.jpg: SKIP (Timeout: ransac_inner)
frame_7180.jpg: SKIP (Timeout: ransac_inner)
frame_7181.jpg: SKIP (Timeout: ransac_inner)
frame_7182.jpg: SKIP (Timeout: ransac_inner)
frame_7195.jpg: SKIP (Timeout: safety_margin_pre_refine)
frame_7207.jpg: SKIP (Timeout: safety_margin_pre_refine)
frame_7214.jpg: SKIP (Timeout: safety_margin_pre_refine)
frame_7221.jpg: SKIP (Timeout: safety_margin_pre_refine)
frame_7230.jpg: SKIP (Timeout: ransac_inner)
frame_7237.jpg: SKIP (Timeout: safety_margin_pre_refine)
frame_7238.jpg: SKIP (Timeout: safety_margin_pre_refine)
frame_7239.jpg: SKIP (Timeout: safety_margin_pre_refine)
frame_7241.jpg: SKIP (Timeout: safety_margin_pre_refine)
frame_7249.jpg: SKIP (Timeout: ransac_inner)
frame_7257.jpg: SKIP (Timeout: safety_margin_pre_refine)
frame_7258.jpg: SKIP (Timeout: safety_margin_pre_refine)
frame_7259.jpg: SKIP (Timeout: safety_margin_pre_refine)
frame_7261.jpg: SKIP (Timeout: ransac_inner)
frame_7270.jpg: SKIP (Timeout: ransac_inner)
frame_7298.jpg: SKIP (Timeout: safety_margin_pre_refine)
frame_7300.jpg: SKIP (Timeout: safety_margin_pre_refine)
frame_7301.jpg: SKIP (Timeout: safety_margin_pre_refine)
frame_7307.jpg: SKIP (Timeout: ransac_inner)
frame_7310.jpg: SKIP (Timeout: safety_margin_pre_refine)
frame_7319.jpg: SKIP (Timeout: safety_margin_pre_refine)
frame_7321.jpg: SKIP (Timeout: ransac_inner)
frame_7333.jpg: SKIP (Timeout: safety_margin_pre_refine)
frame_7343.jpg: SKIP (Timeout: safety_margin_pre_refine)
frame_7344.jpg: SKIP (Timeout: ransac_inner)
frame_7345.jpg: SKIP (Timeout: safety_margin_pre_refine)
frame_7353.jpg: SKIP (Timeout: ransac_inner)
frame_7363.jpg: SKIP (Timeout: ransac_inner)
frame_7365.jpg: SKIP (Timeout: safety_margin_pre_refine)
frame_7367.jpg: SKIP (Timeout: ransac_inner)
frame_7370.jpg: SKIP (Timeout: safety_margin_pre_refine)
frame_7375.jpg: SKIP (Timeout: safety_margin_pre_refine)
frame_7377.jpg: SKIP (Timeout: safety_margin_pre_refine)
frame_7378.jpg: SKIP (Timeout: safety_margin_pre_refine)
frame_7383.jpg: SKIP (Timeout: ransac_inner)
frame_7387.jpg: SKIP (Timeout: safety_margin_pre_refine)
frame_7397.jpg: SKIP (Timeout: ransac_inner)
frame_7403.jpg: SKIP (Timeout: safety_margin_pre_refine)
frame_7413.jpg: SKIP (Timeout: ransac_inner)
frame_7418.jpg: SKIP (Timeout: safety_margin_pre_refine)
frame_7421.jpg: SKIP (Timeout: safety_margin_pre_refine)
frame_7424.jpg: SKIP (Timeout: safety_margin_pre_refine)
frame_7425.jpg: SKIP (Timeout: safety_margin_pre_refine)
frame_7429.jpg: SKIP (Timeout: ransac_inner)
frame_7432.jpg: SKIP (Timeout: ransac_inner)
frame_7433.jpg: SKIP (Timeout: ransac_inner)
frame_7481.jpg: SKIP (Timeout: safety_margin_pre_refine)
frame_7557.jpg: SKIP (Timeout: safety_margin_pre_refine)
frame_7572.jpg: SKIP (Timeout: safety_margin_pre_refine)
frame_7582.jpg: SKIP (Timeout: safety_margin_pre_refine)
frame_7618.jpg: SKIP (Timeout: safety_margin_pre_refine)
frame_7623.jpg: SKIP (Timeout: ransac_inner)
frame_7624.jpg: SKIP (Timeout: ransac_inner)
frame_7626.jpg: SKIP (Timeout: ransac_inner)
frame_7642.jpg: SKIP (Timeout: safety_margin_pre_refine)
frame_7647.jpg: SKIP (Timeout: ransac_inner)
frame_7648.jpg: SKIP (Timeout: ransac_inner)
frame_7649.jpg: SKIP (Timeout: safety_margin_pre_refine)
frame_7650.jpg: SKIP (Timeout: ransac_inner)
frame_7663.jpg: SKIP (Timeout: safety_margin_pre_refine)
frame_7670.jpg: SKIP (Timeout: safety_margin_pre_refine)
frame_7673.jpg: SKIP (Timeout: safety_margin_pre_refine)
frame_7675.jpg: SKIP (Timeout: safety_margin_pre_refine)
frame_7678.jpg: SKIP (Timeout: safety_margin_pre_refine)
frame_7680.jpg: SKIP (Timeout: ransac_inner)
frame_7683.jpg: SKIP (Timeout: ransac_inner)
frame_7684.jpg: SKIP (Timeout: safety_margin_pre_refine)
frame_7687.jpg: SKIP (Timeout: safety_margin_pre_refine)
frame_7695.jpg: SKIP (Timeout: safety_margin_pre_refine)
frame_7697.jpg: SKIP (Timeout: safety_margin_pre_refine)
frame_7699.jpg: SKIP (Timeout: ransac_inner)
frame_7700.jpg: SKIP (Timeout: safety_margin_pre_refine)
frame_7701.jpg: SKIP (Timeout: ransac_inner)
frame_7702.jpg: SKIP (Timeout: ransac_inner)
frame_7703.jpg: SKIP (Timeout: safety_margin_pre_refine)
frame_7706.jpg: SKIP (Timeout: ransac_inner)
frame_7707.jpg: SKIP (Timeout: ransac_inner)
frame_7708.jpg: SKIP (Timeout: ransac_inner)
frame_7710.jpg: SKIP (Timeout: ransac_inner)
frame_7712.jpg: SKIP (Timeout: ransac_inner)
frame_7719.jpg: SKIP (Timeout: ransac_inner)
frame_7720.jpg: SKIP (Timeout: ransac_inner)
frame_7721.jpg: SKIP (Timeout: ransac_inner)
frame_7722.jpg: SKIP (Timeout: ransac_inner)
frame_7723.jpg: SKIP (Timeout: ransac_inner)
frame_7724.jpg: SKIP (Timeout: ransac_inner)
frame_7725.jpg: SKIP (Timeout: ransac_inner)
frame_7726.jpg: SKIP (Timeout: ransac_inner)
frame_7727.jpg: SKIP (Timeout: ransac_inner)
frame_7728.jpg: SKIP (Timeout: ransac_inner)
frame_7729.jpg: SKIP (Timeout: ransac_inner)
frame_7730.jpg: SKIP (Timeout: ransac_inner)
frame_7731.jpg: SKIP (Timeout: ransac_inner)
frame_7732.jpg: SKIP (Timeout: safety_margin_pre_refine)
frame_7738.jpg: SKIP (Timeout: ransac_inner)
frame_7739.jpg: SKIP (Timeout: safety_margin_pre_refine)
frame_7742.jpg: SKIP (Timeout: safety_margin_pre_refine)
frame_7746.jpg: SKIP (Timeout: ransac_inner)
frame_7760.jpg: SKIP (Timeout: safety_margin_pre_refine)
frame_8059.jpg: SKIP (Timeout: ransac_inner)
frame_8060.jpg: SKIP (Timeout: ransac_inner)
frame_8061.jpg: SKIP (Timeout: ransac_inner)
frame_8062.jpg: SKIP (Timeout: ransac_inner)
frame_8066.jpg: SKIP (Timeout: safety_margin_pre_refine)
frame_8069.jpg: SKIP (Timeout: safety_margin_pre_refine)
frame_8072.jpg: SKIP (Timeout: safety_margin_pre_refine)
frame_8074.jpg: SKIP (Timeout: safety_margin_pre_refine)
frame_8075.jpg: SKIP (Timeout: safety_margin_pre_refine)
frame_8076.jpg: SKIP (Timeout: safety_margin_pre_refine)
frame_8083.jpg: SKIP (Timeout: safety_margin_pre_refine)
frame_8086.jpg: SKIP (Timeout: safety_margin_pre_refine)
frame_8087.jpg: SKIP (Timeout: ransac_inner)
frame_8088.jpg: SKIP (Timeout: ransac_inner)
frame_8089.jpg: SKIP (Timeout: ransac_inner)
frame_8109.jpg: SKIP (Timeout: ransac_inner)
frame_8112.jpg: SKIP (Timeout: safety_margin_pre_refine)
frame_8121.jpg: SKIP (Timeout: safety_margin_pre_refine)
frame_8122.jpg: SKIP (Timeout: ransac_inner)
frame_8124.jpg: SKIP (Timeout: ransac_inner)
frame_8126.jpg: SKIP (Timeout: ransac_inner)
frame_8127.jpg: SKIP (Timeout: ransac_inner)
frame_8286.jpg: SKIP (Timeout: ransac_inner)
frame_8325.jpg: SKIP (Timeout: safety_margin_pre_refine)
frame_8329.jpg: SKIP (Timeout: safety_margin_pre_refine)
frame_8333.jpg: SKIP (Timeout: safety_margin_pre_refine)
frame_8335.jpg: SKIP (Timeout: ransac_inner)
frame_8336.jpg: SKIP (Timeout: ransac_inner)
frame_8338.jpg: SKIP (Timeout: ransac_inner)
frame_8339.jpg: SKIP (Timeout: ransac_inner)
frame_8340.jpg: SKIP (Timeout: ransac_inner)
frame_8341.jpg: SKIP (Timeout: ransac_inner)
frame_8342.jpg: SKIP (Timeout: ransac_inner)
frame_8344.jpg: SKIP (Timeout: ransac_inner)
frame_8346.jpg: SKIP (Timeout: ransac_inner)
frame_8347.jpg: SKIP (Timeout: ransac_inner)
frame_8348.jpg: SKIP (Timeout: ransac_inner)
frame_8349.jpg: SKIP (Timeout: ransac_inner)
frame_8350.jpg: SKIP (Timeout: ransac_inner)
frame_8351.jpg: SKIP (Timeout: ransac_inner)
frame_8352.jpg: SKIP (Timeout: ransac_inner)
frame_8353.jpg: SKIP (Timeout: ransac_inner)
frame_8354.jpg: SKIP (Timeout: ransac_inner)
frame_8355.jpg: SKIP (Timeout: ransac_inner)
frame_8356.jpg: SKIP (Timeout: ransac_inner)
frame_8357.jpg: SKIP (Timeout: ransac_inner)
frame_8358.jpg: SKIP (Timeout: ransac_inner)
frame_8359.jpg: SKIP (Timeout: ransac_inner)
frame_8360.jpg: SKIP (Timeout: ransac_inner)
frame_8361.jpg: SKIP (Timeout: ransac_inner)
frame_8362.jpg: SKIP (Timeout: ransac_inner)
frame_8363.jpg: SKIP (Timeout: ransac_inner)
frame_8364.jpg: SKIP (Timeout: ransac_inner)
frame_8365.jpg: SKIP (Timeout: ransac_inner)
frame_8366.jpg: SKIP (Timeout: ransac_inner)
frame_8367.jpg: SKIP (Timeout: ransac_inner)
frame_8368.jpg: SKIP (Timeout: ransac_inner)
frame_8369.jpg: SKIP (Timeout: ransac_inner)
frame_8370.jpg: SKIP (Timeout: ransac_inner)
frame_8371.jpg: SKIP (Timeout: ransac_inner)
frame_8372.jpg: SKIP (Timeout: ransac_inner)
frame_8373.jpg: SKIP (Timeout: ransac_inner)
frame_8374.jpg: SKIP (Timeout: ransac_inner)
frame_8375.jpg: SKIP (Timeout: ransac_inner)
frame_8376.jpg: SKIP (Timeout: ransac_inner)
frame_8377.jpg: SKIP (Timeout: ransac_inner)
frame_8378.jpg: SKIP (Timeout: ransac_inner)
frame_8379.jpg: SKIP (Timeout: ransac_inner)
frame_8380.jpg: SKIP (Timeout: ransac_inner)
frame_8381.jpg: SKIP (Timeout: ransac_inner)
frame_8382.jpg: SKIP (Timeout: ransac_inner)
frame_8383.jpg: SKIP (Timeout: ransac_inner)
frame_8384.jpg: SKIP (Timeout: ransac_inner)
frame_8385.jpg: SKIP (Timeout: ransac_inner)
frame_8386.jpg: SKIP (Timeout: ransac_inner)
frame_8387.jpg: SKIP (Timeout: ransac_inner)
frame_8388.jpg: SKIP (Timeout: ransac_inner)
frame_8389.jpg: SKIP (Timeout: ransac_inner)
frame_8390.jpg: SKIP (Timeout: ransac_inner)
frame_8391.jpg: SKIP (Timeout: ransac_inner)
frame_8392.jpg: SKIP (Timeout: ransac_inner)
frame_8393.jpg: SKIP (Timeout: ransac_inner)
frame_8394.jpg: SKIP (Timeout: ransac_inner)
frame_8395.jpg: SKIP (Timeout: ransac_inner)
frame_8396.jpg: SKIP (Timeout: ransac_inner)
frame_8397.jpg: SKIP (Timeout: ransac_inner)
frame_8398.jpg: SKIP (Timeout: ransac_inner)
frame_8399.jpg: SKIP (Timeout: ransac_inner)
frame_8400.jpg: SKIP (Timeout: ransac_inner)
frame_8401.jpg: SKIP (Timeout: ransac_inner)
frame_8402.jpg: SKIP (Timeout: ransac_inner)
frame_8404.jpg: SKIP (Timeout: ransac_inner)
frame_8407.jpg: SKIP (Timeout: ransac_inner)
frame_8408.jpg: SKIP (Timeout: ransac_inner)
frame_8409.jpg: SKIP (Timeout: ransac_inner)
frame_8412.jpg: SKIP (Timeout: ransac_inner)
frame_8416.jpg: SKIP (Timeout: safety_margin_pre_refine)
frame_8420.jpg: SKIP (Timeout: ransac_inner)
frame_8422.jpg: SKIP (Timeout: safety_margin_pre_refine)
frame_8423.jpg: SKIP (Timeout: ransac_inner)
frame_8426.jpg: SKIP (Timeout: safety_margin_pre_refine)
frame_8427.jpg: SKIP (Timeout: safety_margin_pre_refine)
frame_8433.jpg: SKIP (Timeout: safety_margin_pre_refine)
frame_8436.jpg: SKIP (Timeout: ransac_inner)
frame_8441.jpg: SKIP (Timeout: ransac_inner)
frame_8453.jpg: SKIP (Timeout: ransac_inner)
frame_8459.jpg: SKIP (Timeout: safety_margin_pre_refine)
frame_8461.jpg: SKIP (Timeout: ransac_inner)
frame_8467.jpg: SKIP (Timeout: safety_margin_pre_refine)
frame_8469.jpg: SKIP (Timeout: ransac_inner)
frame_8473.jpg: SKIP (Timeout: safety_margin_pre_refine)
frame_8483.jpg: SKIP (Timeout: ransac_inner)
frame_8493.jpg: SKIP (Timeout: safety_margin_pre_refine)
frame_8496.jpg: SKIP (Timeout: safety_margin_pre_refine)
frame_8513.jpg: SKIP (Timeout: ransac_inner)
frame_8516.jpg: SKIP (Timeout: safety_margin_pre_refine)
frame_8524.jpg: SKIP (Timeout: ransac_inner)
frame_8525.jpg: SKIP (Timeout: safety_margin_pre_refine)
frame_8528.jpg: SKIP (Timeout: ransac_inner)
frame_8529.jpg: SKIP (Timeout: ransac_inner)
frame_8531.jpg: SKIP (Timeout: safety_margin_pre_refine)
frame_8532.jpg: SKIP (Timeout: ransac_inner)
frame_8546.jpg: SKIP (Timeout: safety_margin_pre_refine)
frame_8548.jpg: SKIP (Timeout: ransac_inner)
frame_8549.jpg: SKIP (Timeout: safety_margin_pre_refine)
frame_8555.jpg: SKIP (Timeout: ransac_inner)
frame_8556.jpg: SKIP (Timeout: safety_margin_pre_refine)
frame_8557.jpg: SKIP (Timeout: ransac_inner)
frame_8560.jpg: SKIP (Timeout: ransac_inner)
frame_8561.jpg: SKIP (Timeout: ransac_inner)
frame_8563.jpg: SKIP (Timeout: safety_margin_pre_refine)
frame_8564.jpg: SKIP (Timeout: safety_margin_pre_refine)
frame_8565.jpg: SKIP (Timeout: ransac_inner)
frame_8569.jpg: SKIP (Timeout: ransac_inner)
frame_8570.jpg: SKIP (Timeout: safety_margin_pre_refine)
frame_8571.jpg: SKIP (Timeout: ransac_inner)
frame_8573.jpg: SKIP (Timeout: ransac_inner)
frame_8574.jpg: SKIP (Timeout: ransac_inner)
frame_8577.jpg: SKIP (Timeout: ransac_inner)
frame_8578.jpg: SKIP (Timeout: ransac_inner)
frame_8579.jpg: SKIP (Timeout: safety_margin_pre_refine)
frame_8580.jpg: SKIP (Timeout: safety_margin_pre_refine)
frame_8590.jpg: SKIP (Timeout: ransac_inner)
frame_8594.jpg: SKIP (Timeout: ransac_inner)
frame_8595.jpg: SKIP (Timeout: safety_margin_pre_refine)
frame_8597.jpg: SKIP (Timeout: ransac_inner)
frame_8599.jpg: SKIP (Timeout: safety_margin_pre_refine)
frame_8603.jpg: SKIP (Timeout: safety_margin_pre_refine)
frame_8604.jpg: SKIP (Timeout: ransac_inner)
frame_8605.jpg: SKIP (Timeout: safety_margin_pre_refine)
frame_8607.jpg: SKIP (Timeout: ransac_inner)
frame_8611.jpg: SKIP (Timeout: safety_margin_pre_refine)
frame_8613.jpg: SKIP (Timeout: safety_margin_pre_refine)
frame_8614.jpg: SKIP (Timeout: ransac_inner)
frame_8615.jpg: SKIP (Timeout: ransac_inner)
frame_8616.jpg: SKIP (Timeout: safety_margin_pre_refine)
frame_8618.jpg: SKIP (Timeout: ransac_inner)
frame_8620.jpg: SKIP (Timeout: ransac_inner)
frame_8621.jpg: SKIP (Timeout: ransac_inner)
frame_8622.jpg: SKIP (Timeout: ransac_inner)
frame_8623.jpg: SKIP (Timeout: ransac_inner)
frame_8624.jpg: SKIP (Timeout: safety_margin_pre_refine)
frame_8625.jpg: SKIP (Timeout: ransac_inner)
frame_8626.jpg: SKIP (Timeout: ransac_inner)
frame_8627.jpg: SKIP (Timeout: ransac_inner)
frame_8628.jpg: SKIP (Timeout: ransac_inner)
frame_8629.jpg: SKIP (Timeout: ransac_inner)
frame_8630.jpg: SKIP (Timeout: ransac_inner)
frame_8631.jpg: SKIP (Timeout: ransac_inner)
frame_8633.jpg: SKIP (Timeout: ransac_inner)
frame_8634.jpg: SKIP (Timeout: ransac_inner)
frame_8635.jpg: SKIP (Timeout: ransac_inner)
frame_8636.jpg: SKIP (Timeout: ransac_inner)
frame_8637.jpg: SKIP (Timeout: ransac_inner)
frame_8639.jpg: SKIP (Timeout: ransac_inner)
frame_8640.jpg: SKIP (Timeout: safety_margin_pre_refine)
frame_8641.jpg: SKIP (Timeout: ransac_inner)
frame_8643.jpg: SKIP (Timeout: ransac_inner)
frame_8644.jpg: SKIP (Timeout: safety_margin_pre_refine)
frame_8649.jpg: SKIP (Timeout: ransac_inner)
frame_8652.jpg: SKIP (Timeout: safety_margin_pre_refine)
frame_8654.jpg: SKIP (Timeout: safety_margin_pre_refine)
frame_8658.jpg: SKIP (Timeout: ransac_inner)
frame_8662.jpg: SKIP (Timeout: ransac_inner)
frame_8663.jpg: SKIP (Timeout: ransac_inner)
frame_8665.jpg: SKIP (Timeout: ransac_inner)
frame_8667.jpg: SKIP (Timeout: ransac_inner)
frame_8668.jpg: SKIP (Timeout: safety_margin_pre_refine)
frame_8681.jpg: SKIP (Timeout: ransac_inner)
frame_8694.jpg: SKIP (Timeout: safety_margin_pre_refine)
frame_8716.jpg: SKIP (Timeout: safety_margin_pre_refine)
frame_8730.jpg: SKIP (Timeout: safety_margin_pre_refine)
frame_8738.jpg: SKIP (Timeout: ransac_inner)
frame_8739.jpg: SKIP (Timeout: safety_margin_pre_refine)
frame_8740.jpg: SKIP (Timeout: ransac_inner)
frame_8746.jpg: SKIP (Timeout: ransac_inner)
frame_8748.jpg: SKIP (Timeout: ransac_inner)
frame_8752.jpg: SKIP (Timeout: ransac_inner)
frame_8753.jpg: SKIP (Timeout: safety_margin_pre_refine)
frame_8756.jpg: SKIP (Timeout: safety_margin_pre_refine)
frame_8765.jpg: SKIP (Timeout: safety_margin_pre_refine)
frame_8778.jpg: SKIP (Timeout: safety_margin_pre_refine)
frame_8782.jpg: SKIP (Timeout: ransac_inner)
frame_8788.jpg: SKIP (Timeout: safety_margin_pre_refine)
frame_8793.jpg: SKIP (Timeout: safety_margin_pre_refine)
frame_8795.jpg: SKIP (Timeout: safety_margin_pre_refine)
frame_8820.jpg: SKIP (Timeout: ransac_inner)
frame_8826.jpg: SKIP (Timeout: ransac_inner)
frame_8827.jpg: SKIP (Timeout: ransac_inner)
frame_8828.jpg: SKIP (Timeout: ransac_inner)
frame_8829.jpg: SKIP (Timeout: ransac_inner)
frame_8830.jpg: SKIP (Timeout: ransac_inner)
frame_8831.jpg: SKIP (Timeout: ransac_inner)
frame_8832.jpg: SKIP (Timeout: ransac_inner)
frame_8833.jpg: SKIP (Timeout: ransac_inner)
frame_8838.jpg: SKIP (Timeout: safety_margin_pre_refine)
frame_8839.jpg: SKIP (Timeout: safety_margin_pre_refine)
frame_8840.jpg: SKIP (Timeout: ransac_inner)
frame_8844.jpg: SKIP (Timeout: safety_margin_pre_refine)
frame_8848.jpg: SKIP (Timeout: safety_margin_pre_refine)
frame_8850.jpg: SKIP (Timeout: safety_margin_pre_refine)
frame_8852.jpg: SKIP (Timeout: safety_margin_pre_refine)
frame_8854.jpg: SKIP (Timeout: ransac_inner)
frame_8855.jpg: SKIP (Timeout: ransac_inner)
frame_8857.jpg: SKIP (Timeout: ransac_inner)
frame_8858.jpg: SKIP (Timeout: safety_margin_pre_refine)
frame_8859.jpg: SKIP (Timeout: ransac_inner)
frame_8863.jpg: SKIP (Timeout: ransac_inner)
frame_8864.jpg: SKIP (Timeout: safety_margin_pre_refine)
frame_8866.jpg: SKIP (Timeout: ransac_inner)
frame_8867.jpg: SKIP (Timeout: safety_margin_pre_refine)
frame_8869.jpg: SKIP (Timeout: ransac_inner)
frame_8878.jpg: SKIP (Timeout: ransac_inner)
frame_8880.jpg: SKIP (Timeout: ransac_inner)
frame_8881.jpg: SKIP (Timeout: safety_margin_pre_refine)
frame_8883.jpg: SKIP (Timeout: safety_margin_pre_refine)
frame_8884.jpg: SKIP (Timeout: safety_margin_pre_refine)
frame_8885.jpg: SKIP (Timeout: ransac_inner)
frame_8889.jpg: SKIP (Timeout: ransac_inner)
frame_8891.jpg: SKIP (Timeout: ransac_inner)
frame_8893.jpg: SKIP (Timeout: safety_margin_pre_refine)
frame_8894.jpg: SKIP (Timeout: safety_margin_pre_refine)
frame_8897.jpg: SKIP (Timeout: ransac_inner)
frame_8900.jpg: SKIP (Timeout: safety_margin_pre_refine)
frame_8902.jpg: SKIP (Timeout: ransac_inner)
frame_8903.jpg: SKIP (Timeout: ransac_inner)
frame_8904.jpg: SKIP (Timeout: ransac_inner)
frame_8905.jpg: SKIP (Timeout: ransac_inner)
frame_8907.jpg: SKIP (Timeout: ransac_inner)
frame_8910.jpg: SKIP (Timeout: ransac_inner)
frame_8911.jpg: SKIP (Timeout: ransac_inner)
frame_8912.jpg: SKIP (Timeout: ransac_inner)
frame_8913.jpg: SKIP (Timeout: ransac_inner)
frame_8914.jpg: SKIP (Timeout: ransac_inner)
frame_8917.jpg: SKIP (Timeout: safety_margin_pre_refine)
frame_8919.jpg: SKIP (Timeout: safety_margin_pre_refine)
frame_8920.jpg: SKIP (Timeout: ransac_inner)
frame_8921.jpg: SKIP (Timeout: safety_margin_pre_refine)
frame_8925.jpg: SKIP (Timeout: safety_margin_pre_refine)
frame_8931.jpg: SKIP (Timeout: safety_margin_pre_refine)
frame_8932.jpg: SKIP (Timeout: ransac_inner)
frame_8934.jpg: SKIP (Timeout: ransac_inner)
frame_8941.jpg: SKIP (Timeout: ransac_inner)
frame_8942.jpg: SKIP (Timeout: ransac_inner)
frame_8944.jpg: SKIP (Timeout: ransac_inner)
frame_8945.jpg: SKIP (Timeout: ransac_inner)
frame_8946.jpg: SKIP (Timeout: safety_margin_pre_refine)
frame_8951.jpg: SKIP (Timeout: safety_margin_pre_refine)
frame_8956.jpg: SKIP (Timeout: ransac_inner)
frame_8959.jpg: SKIP (Timeout: ransac_inner)
frame_8961.jpg: SKIP (Timeout: ransac_inner)
frame_8962.jpg: SKIP (Timeout: ransac_inner)
frame_8965.jpg: SKIP (Timeout: ransac_inner)
frame_8967.jpg: SKIP (Timeout: safety_margin_pre_refine)
frame_8969.jpg: SKIP (Timeout: ransac_inner)
frame_8970.jpg: SKIP (Timeout: safety_margin_pre_refine)
frame_8973.jpg: SKIP (Timeout: safety_margin_pre_refine)
frame_8982.jpg: SKIP (Timeout: ransac_inner)
frame_8988.jpg: SKIP (Timeout: safety_margin_pre_refine)
frame_9004.jpg: SKIP (Timeout: ransac_inner)
frame_9006.jpg: SKIP (Timeout: ransac_inner)
frame_9009.jpg: SKIP (Timeout: ransac_inner)
frame_9011.jpg: SKIP (Timeout: safety_margin_pre_refine)
frame_9013.jpg: SKIP (Timeout: safety_margin_pre_refine)
frame_9015.jpg: SKIP (Timeout: safety_margin_pre_refine)
frame_9016.jpg: SKIP (Timeout: ransac_inner)
frame_9017.jpg: SKIP (Timeout: ransac_inner)
frame_9018.jpg: SKIP (Timeout: safety_margin_pre_refine)
frame_9023.jpg: SKIP (Timeout: safety_margin_pre_refine)
frame_9024.jpg: SKIP (Timeout: safety_margin_pre_refine)
frame_9028.jpg: SKIP (Timeout: ransac_inner)
frame_9030.jpg: SKIP (Timeout: ransac_inner)
frame_9031.jpg: SKIP (Timeout: safety_margin_pre_refine)
frame_9038.jpg: SKIP (Timeout: safety_margin_pre_refine)
frame_9040.jpg: SKIP (Timeout: safety_margin_pre_refine)
frame_9041.jpg: SKIP (Timeout: safety_margin_pre_refine)
frame_9043.jpg: SKIP (Timeout: safety_margin_pre_refine)
frame_9045.jpg: SKIP (Timeout: ransac_inner)
frame_9058.jpg: SKIP (Timeout: safety_margin_pre_refine)
frame_9066.jpg: SKIP (Timeout: safety_margin_pre_refine)
frame_9067.jpg: SKIP (Timeout: ransac_inner)
frame_9074.jpg: SKIP (Timeout: safety_margin_pre_refine)
frame_9076.jpg: SKIP (Timeout: ransac_inner)
frame_9077.jpg: SKIP (Timeout: safety_margin_pre_refine)
frame_9078.jpg: SKIP (Timeout: ransac_inner)
frame_9079.jpg: SKIP (Timeout: ransac_inner)
frame_9080.jpg: SKIP (Timeout: ransac_inner)
frame_9081.jpg: SKIP (Timeout: ransac_inner)
frame_9090.jpg: SKIP (Timeout: ransac_inner)
frame_9091.jpg: SKIP (Timeout: ransac_inner)
frame_9093.jpg: SKIP (Timeout: ransac_inner)
frame_9098.jpg: SKIP (Timeout: ransac_inner)
frame_9099.jpg: SKIP (Timeout: ransac_inner)
frame_9101.jpg: SKIP (Timeout: ransac_inner)
frame_9104.jpg: SKIP (Timeout: ransac_inner)
frame_9106.jpg: SKIP (Timeout: safety_margin_pre_refine)
frame_9107.jpg: SKIP (Timeout: ransac_inner)
frame_9108.jpg: SKIP (Timeout: safety_margin_pre_refine)
frame_9109.jpg: SKIP (Timeout: ransac_inner)
frame_9117.jpg: SKIP (Timeout: safety_margin_pre_refine)
frame_9118.jpg: SKIP (Timeout: ransac_inner)
frame_9119.jpg: SKIP (Timeout: ransac_inner)
frame_9120.jpg: SKIP (Timeout: ransac_inner)
frame_9121.jpg: SKIP (Timeout: ransac_inner)
frame_9122.jpg: SKIP (Timeout: ransac_inner)
frame_9123.jpg: SKIP (Timeout: ransac_inner)
frame_9124.jpg: SKIP (Timeout: ransac_inner)
frame_9125.jpg: SKIP (Timeout: ransac_inner)
frame_9126.jpg: SKIP (Timeout: ransac_inner)
frame_9127.jpg: SKIP (Timeout: ransac_inner)
frame_9128.jpg: SKIP (Timeout: ransac_inner)
frame_9129.jpg: SKIP (Timeout: ransac_inner)
frame_9130.jpg: SKIP (Timeout: ransac_inner)
frame_9131.jpg: SKIP (Timeout: ransac_inner)
frame_9132.jpg: SKIP (Timeout: ransac_inner)
frame_9133.jpg: SKIP (Timeout: ransac_inner)
frame_9134.jpg: SKIP (Timeout: ransac_inner)
frame_9135.jpg: SKIP (Timeout: ransac_inner)
frame_9137.jpg: SKIP (Timeout: safety_margin_pre_refine)
frame_9138.jpg: SKIP (Timeout: safety_margin_pre_refine)
frame_9140.jpg: SKIP (Timeout: safety_margin_pre_refine)
frame_9141.jpg: SKIP (Timeout: safety_margin_pre_refine)
frame_9143.jpg: SKIP (Timeout: ransac_inner)
frame_9144.jpg: SKIP (Timeout: ransac_inner)
frame_9146.jpg: SKIP (Timeout: ransac_inner)
frame_9147.jpg: SKIP (Timeout: ransac_inner)
frame_9149.jpg: SKIP (Timeout: ransac_inner)
frame_9150.jpg: SKIP (Timeout: ransac_inner)
frame_9151.jpg: SKIP (Timeout: ransac_inner)
frame_9152.jpg: SKIP (Timeout: ransac_inner)
frame_9153.jpg: SKIP (Timeout: ransac_inner)
frame_9154.jpg: SKIP (Timeout: ransac_inner)
frame_9155.jpg: SKIP (Timeout: ransac_inner)
frame_9156.jpg: SKIP (Timeout: ransac_inner)
frame_9157.jpg: SKIP (Timeout: ransac_inner)
frame_9158.jpg: SKIP (Timeout: ransac_inner)
frame_9159.jpg: SKIP (Timeout: ransac_inner)
frame_9160.jpg: SKIP (Timeout: ransac_inner)
frame_9161.jpg: SKIP (Timeout: ransac_inner)
frame_9162.jpg: SKIP (Timeout: ransac_inner)
frame_9163.jpg: SKIP (Timeout: ransac_inner)
frame_9164.jpg: SKIP (Timeout: ransac_inner)
frame_9165.jpg: SKIP (Timeout: ransac_inner)
frame_9166.jpg: SKIP (Timeout: ransac_inner)
frame_9168.jpg: SKIP (Timeout: ransac_inner)
frame_9170.jpg: SKIP (Timeout: safety_margin_pre_refine)
frame_9173.jpg: SKIP (Timeout: ransac_inner)
frame_9174.jpg: SKIP (Timeout: ransac_inner)
frame_9175.jpg: SKIP (Timeout: ransac_inner)
frame_9176.jpg: SKIP (Timeout: ransac_inner)
frame_9177.jpg: SKIP (Timeout: ransac_inner)
frame_9182.jpg: SKIP (Timeout: safety_margin_pre_refine)
frame_9186.jpg: SKIP (Timeout: ransac_inner)
frame_9188.jpg: SKIP (Timeout: ransac_inner)
frame_9189.jpg: SKIP (Timeout: ransac_inner)
frame_9190.jpg: SKIP (Timeout: ransac_inner)
frame_9191.jpg: SKIP (Timeout: ransac_inner)
frame_9193.jpg: SKIP (Timeout: ransac_inner)
frame_9196.jpg: SKIP (Timeout: ransac_inner)
frame_9200.jpg: SKIP (Timeout: safety_margin_pre_refine)
frame_9201.jpg: SKIP (Timeout: safety_margin_pre_refine)
frame_9206.jpg: SKIP (Timeout: ransac_inner)
frame_9207.jpg: SKIP (Timeout: ransac_inner)
frame_9208.jpg: SKIP (Timeout: ransac_inner)
frame_9209.jpg: SKIP (Timeout: ransac_inner)
frame_9210.jpg: SKIP (Timeout: ransac_inner)
frame_9211.jpg: SKIP (Timeout: ransac_inner)
frame_9212.jpg: SKIP (Timeout: ransac_inner)
frame_9213.jpg: SKIP (Timeout: ransac_inner)
frame_9214.jpg: SKIP (Timeout: ransac_inner)
frame_9217.jpg: SKIP (Timeout: safety_margin_pre_refine)
frame_9219.jpg: SKIP (Timeout: ransac_inner)
frame_9220.jpg: SKIP (Timeout: ransac_inner)
frame_9221.jpg: SKIP (Timeout: ransac_inner)
frame_9222.jpg: SKIP (Timeout: ransac_inner)
frame_9225.jpg: SKIP (Timeout: safety_margin_pre_refine)
frame_9226.jpg: SKIP (Timeout: safety_margin_pre_refine)
frame_9227.jpg: SKIP (Timeout: ransac_inner)
frame_9228.jpg: SKIP (Timeout: ransac_inner)
frame_9229.jpg: SKIP (Timeout: ransac_inner)
frame_9230.jpg: SKIP (Timeout: ransac_inner)
frame_9237.jpg: SKIP (Timeout: safety_margin_pre_refine)
frame_9241.jpg: SKIP (Timeout: ransac_inner)
frame_9242.jpg: SKIP (Timeout: safety_margin_pre_refine)
frame_9247.jpg: SKIP (Timeout: ransac_inner)
frame_9248.jpg: SKIP (Timeout: ransac_inner)
frame_9249.jpg: SKIP (Timeout: ransac_inner)
frame_9250.jpg: SKIP (Timeout: ransac_inner)
frame_9265.jpg: SKIP (Timeout: ransac_inner)
frame_9278.jpg: SKIP (Timeout: ransac_inner)
frame_9279.jpg: SKIP (Timeout: ransac_inner)
frame_9280.jpg: SKIP (Timeout: ransac_inner)
frame_9281.jpg: SKIP (Timeout: ransac_inner)
frame_9283.jpg: SKIP (Timeout: safety_margin_pre_refine)
frame_9290.jpg: SKIP (Timeout: ransac_inner)
frame_9291.jpg: SKIP (Timeout: ransac_inner)
frame_9292.jpg: SKIP (Timeout: ransac_inner)
frame_9293.jpg: SKIP (Timeout: ransac_inner)
frame_9297.jpg: SKIP (Timeout: safety_margin_pre_refine)
frame_9298.jpg: SKIP (Timeout: ransac_inner)
frame_9299.jpg: SKIP (Timeout: ransac_inner)
frame_9300.jpg: SKIP (Timeout: ransac_inner)
frame_9301.jpg: SKIP (Timeout: ransac_inner)
frame_9302.jpg: SKIP (Timeout: ransac_inner)
frame_9303.jpg: SKIP (Timeout: ransac_inner)
frame_9304.jpg: SKIP (Timeout: ransac_inner)
frame_9305.jpg: SKIP (Timeout: ransac_inner)
frame_9322.jpg: SKIP (Timeout: ransac_inner)
frame_9323.jpg: SKIP (Timeout: ransac_inner)
frame_9324.jpg: SKIP (Timeout: ransac_inner)
frame_9325.jpg: SKIP (Timeout: ransac_inner)
frame_9349.jpg: SKIP (Timeout: safety_margin_pre_refine)
frame_9354.jpg: SKIP (Timeout: ransac_inner)
frame_9355.jpg: SKIP (Timeout: ransac_inner)
frame_9356.jpg: SKIP (Timeout: ransac_inner)
frame_9357.jpg: SKIP (Timeout: ransac_inner)
frame_9370.jpg: SKIP (Timeout: ransac_inner)
frame_9371.jpg: SKIP (Timeout: ransac_inner)
frame_9372.jpg: SKIP (Timeout: ransac_inner)
frame_9373.jpg: SKIP (Timeout: ransac_inner)
frame_9375.jpg: SKIP (Timeout: safety_margin_pre_refine)
frame_9394.jpg: SKIP (Timeout: ransac_inner)
frame_9395.jpg: SKIP (Timeout: ransac_inner)
frame_9396.jpg: SKIP (Timeout: ransac_inner)
frame_9397.jpg: SKIP (Timeout: ransac_inner)
frame_9402.jpg: SKIP (Timeout: ransac_inner)
frame_9403.jpg: SKIP (Timeout: ransac_inner)
frame_9404.jpg: SKIP (Timeout: ransac_inner)
frame_9405.jpg: SKIP (Timeout: ransac_inner)
frame_9410.jpg: SKIP (Timeout: ransac_inner)
frame_9411.jpg: SKIP (Timeout: ransac_inner)
frame_9412.jpg: SKIP (Timeout: ransac_inner)
frame_9413.jpg: SKIP (Timeout: ransac_inner)
frame_9424.jpg: SKIP (Timeout: safety_margin_pre_refine)
frame_9426.jpg: SKIP (Timeout: ransac_inner)
frame_9427.jpg: SKIP (Timeout: ransac_inner)
frame_9428.jpg: SKIP (Timeout: ransac_inner)
frame_9429.jpg: SKIP (Timeout: ransac_inner)
frame_9437.jpg: SKIP (Timeout: safety_margin_pre_refine)
frame_9458.jpg: SKIP (Timeout: ransac_inner)
frame_9459.jpg: SKIP (Timeout: ransac_inner)
frame_9460.jpg: SKIP (Timeout: ransac_inner)
frame_9461.jpg: SKIP (Timeout: ransac_inner)
frame_9464.jpg: SKIP (Timeout: ransac_inner)
frame_9466.jpg: SKIP (Timeout: ransac_inner)
frame_9467.jpg: SKIP (Timeout: ransac_inner)
frame_9468.jpg: SKIP (Timeout: ransac_inner)
frame_9469.jpg: SKIP (Timeout: ransac_inner)
frame_9470.jpg: SKIP (Timeout: ransac_inner)
frame_9471.jpg: SKIP (Timeout: ransac_inner)
frame_9472.jpg: SKIP (Timeout: ransac_inner)
frame_9473.jpg: SKIP (Timeout: ransac_inner)
frame_9478.jpg: SKIP (Timeout: ransac_inner)
frame_9479.jpg: SKIP (Timeout: ransac_inner)
frame_9480.jpg: SKIP (Timeout: ransac_inner)
frame_9481.jpg: SKIP (Timeout: ransac_inner)
frame_9482.jpg: SKIP (Timeout: safety_margin_pre_refine)
frame_9486.jpg: SKIP (Timeout: ransac_inner)
frame_9487.jpg: SKIP (Timeout: ransac_inner)
frame_9488.jpg: SKIP (Timeout: ransac_inner)
frame_9489.jpg: SKIP (Timeout: ransac_inner)
frame_9513.jpg: SKIP (Timeout: safety_margin_pre_refine)
frame_9517.jpg: SKIP (Timeout: safety_margin_pre_refine)
frame_9518.jpg: SKIP (Timeout: ransac_inner)
frame_9519.jpg: SKIP (Timeout: ransac_inner)
frame_9520.jpg: SKIP (Timeout: ransac_inner)
frame_9521.jpg: SKIP (Timeout: ransac_inner)
frame_9526.jpg: SKIP (Timeout: ransac_inner)
frame_9534.jpg: SKIP (Timeout: ransac_inner)
frame_9535.jpg: SKIP (Timeout: ransac_inner)
frame_9536.jpg: SKIP (Timeout: ransac_inner)
frame_9537.jpg: SKIP (Timeout: ransac_inner)
frame_9538.jpg: SKIP (Timeout: ransac_inner)
frame_9539.jpg: SKIP (Timeout: ransac_inner)
frame_9540.jpg: SKIP (Timeout: ransac_inner)
frame_9541.jpg: SKIP (Timeout: ransac_inner)
frame_9546.jpg: SKIP (Timeout: ransac_inner)
frame_9547.jpg: SKIP (Timeout: ransac_inner)
frame_9548.jpg: SKIP (Timeout: ransac_inner)
frame_9549.jpg: SKIP (Timeout: ransac_inner)
frame_9552.jpg: SKIP (Timeout: safety_margin_pre_refine)
frame_9554.jpg: SKIP (Timeout: ransac_inner)
frame_9555.jpg: SKIP (Timeout: ransac_inner)
frame_9556.jpg: SKIP (Timeout: ransac_inner)
frame_9557.jpg: SKIP (Timeout: ransac_inner)
frame_9560.jpg: SKIP (Timeout: safety_margin_pre_refine)
frame_9562.jpg: SKIP (Timeout: ransac_inner)
frame_9563.jpg: SKIP (Timeout: ransac_inner)
frame_9564.jpg: SKIP (Timeout: ransac_inner)
frame_9565.jpg: SKIP (Timeout: ransac_inner)
frame_9566.jpg: SKIP (Timeout: ransac_inner)
frame_9567.jpg: SKIP (Timeout: ransac_inner)
frame_9568.jpg: SKIP (Timeout: ransac_inner)
frame_9569.jpg: SKIP (Timeout: ransac_inner)
frame_9570.jpg: SKIP (Timeout: ransac_inner)
frame_9571.jpg: SKIP (Timeout: ransac_inner)
frame_9572.jpg: SKIP (Timeout: ransac_inner)
frame_9573.jpg: SKIP (Timeout: ransac_inner)
frame_9574.jpg: SKIP (Timeout: ransac_inner)
frame_9575.jpg: SKIP (Timeout: ransac_inner)
frame_9576.jpg: SKIP (Timeout: ransac_inner)
frame_9577.jpg: SKIP (Timeout: ransac_inner)
frame_9588.jpg: SKIP (Timeout: safety_margin_pre_refine)
frame_9601.jpg: SKIP (Timeout: safety_margin_pre_refine)
frame_9602.jpg: SKIP (Timeout: ransac_inner)
frame_9610.jpg: SKIP (Timeout: ransac_inner)
frame_9611.jpg: SKIP (Timeout: ransac_inner)
frame_9612.jpg: SKIP (Timeout: ransac_inner)
frame_9613.jpg: SKIP (Timeout: ransac_inner)
frame_9618.jpg: SKIP (Timeout: safety_margin_pre_refine)
frame_9622.jpg: SKIP (Timeout: safety_margin_pre_refine)
frame_9624.jpg: SKIP (Timeout: ransac_inner)
frame_9638.jpg: SKIP (Timeout: safety_margin_pre_refine)
frame_9646.jpg: SKIP (Timeout: safety_margin_pre_refine)
frame_9650.jpg: SKIP (Timeout: ransac_inner)
frame_9654.jpg: SKIP (Timeout: safety_margin_pre_refine)
frame_9657.jpg: SKIP (Timeout: ransac_inner)
frame_9661.jpg: SKIP (Timeout: safety_margin_pre_refine)
frame_9667.jpg: SKIP (Timeout: safety_margin_pre_refine)
frame_9674.jpg: SKIP (Timeout: ransac_inner)
frame_9677.jpg: SKIP (Timeout: safety_margin_pre_refine)
frame_9695.jpg: SKIP (Timeout: safety_margin_pre_refine)
frame_9699.jpg: SKIP (Timeout: ransac_inner)
frame_9703.jpg: SKIP (Timeout: ransac_inner)
frame_9705.jpg: SKIP (Timeout: ransac_inner)
frame_9708.jpg: SKIP (Timeout: ransac_inner)
frame_9709.jpg: SKIP (Timeout: ransac_inner)
frame_9716.jpg: SKIP (Timeout: safety_margin_pre_refine)
frame_9719.jpg: SKIP (Timeout: safety_margin_pre_refine)
frame_9722.jpg: SKIP (Timeout: ransac_inner)
frame_9723.jpg: SKIP (Timeout: safety_margin_pre_refine)
frame_9724.jpg: SKIP (Timeout: ransac_inner)
frame_9729.jpg: SKIP (Timeout: safety_margin_pre_refine)
frame_9734.jpg: SKIP (Timeout: ransac_inner)
frame_9735.jpg: SKIP (Timeout: ransac_inner)
frame_9736.jpg: SKIP (Timeout: ransac_inner)
frame_9737.jpg: SKIP (Timeout: ransac_inner)
frame_9740.jpg: SKIP (Timeout: safety_margin_pre_refine)
frame_9747.jpg: SKIP (Timeout: ransac_inner)
frame_9753.jpg: SKIP (Timeout: safety_margin_pre_refine)
frame_9756.jpg: SKIP (Timeout: safety_margin_pre_refine)
frame_9784.jpg: SKIP (Timeout: safety_margin_pre_refine)
frame_9799.jpg: SKIP (Timeout: safety_margin_pre_refine)
frame_9818.jpg: SKIP (Timeout: safety_margin_pre_refine)
frame_9820.jpg: SKIP (Timeout: safety_margin_pre_refine)
frame_9886.jpg: SKIP (Timeout: safety_margin_pre_refine)
frame_9887.jpg: SKIP (Timeout: ransac_inner)
frame_9890.jpg: SKIP (Timeout: safety_margin_pre_refine)
frame_9895.jpg: SKIP (Timeout: safety_margin_pre_refine)
frame_9903.jpg: SKIP (Timeout: safety_margin_pre_refine)
frame_9924.jpg: SKIP (Timeout: safety_margin_pre_refine)
frame_9945.jpg: SKIP (Timeout: safety_margin_pre_refine)
frame_9954.jpg: SKIP (Timeout: safety_margin_pre_refine)
frame_9964.jpg: SKIP (Timeout: safety_margin_pre_refine)
frame_9995.jpg: SKIP (Timeout: ransac_inner)
